category,rank,url,thumb_url,is_full,title,catch_copy,review_url,review_summary,type,reason,img,color
👛 レディース財布(デイリー),1,https://item.rakuten.co.jp/eunicedress/kc-12/,https://tshop.r10s.jp/eunicedress/cabinet/item8/kc-12r2.jpg?fitin=128:128,True,【楽天市場】8/24 20:00～【先着クーポンで50％OFF】二つ折りミニ財布 ウォレット 本革 choutrente シュトレンテ 薄い スリム 大容量 スキミング防止 仕切り二層式 カードポケット 本革財布 財布 レディース 母の日 （3） : 京童工房（きょうわらべこうぼう）,,https://review.rakuten.co.jp/item/1/346621_10002037/1.1/?l-id=item_SP_SeeItemReview_top,丁寧 サイズ感 肌触り かわいい 到着,SNS型,"SNSキーワードあり | レビューKW: 丁寧,サイズ感,肌触り,かわいい,到着",2026-08-25_レディース財布デイリー_rank1.jpg,#e1306c
👛 レディース財布(デイリー),2,https://item.rakuten.co.jp/style-on-bag/lz-615/,https://tshop.r10s.jp/style-on-bag/cabinet/th/lz-615_2608.jpg?fitin=128:128,True,【楽天市場】【99%offクーポン】＼累計8万個突破／財布 レディース 本革 二つ折り財布 札 小銭 同じ向き LIZDAYS リズデイズ コンパクト さいふ カードケース 小銭入れ 革 ミニサイズ バイカラー タッセル ギフト プレゼント L字ファスナー おしゃれ スタイルオンバッグ 母の日 : スタイルオンバッグ,,https://review.rakuten.co.jp/item/1/304143_10002501/1.1/?l-id=item_SP_SeeItemReview_top,丁寧 サイズ感 かわいい お得 おすすめ,SNS型,"SNSキーワードあり | レビューKW: 丁寧,サイズ感,かわいい,お得,おすすめ",2026-08-25_レディース財布デイリー_rank2.jpg,#e1306c
👛 レディース財布(デイリー),3,https://item.rakuten.co.jp/eunicedress/kc-01/,https://tshop.r10s.jp/eunicedress/cabinet/item6/kc-01.jpg?fitin=128:128,True,【楽天市場】【最大40％OFFクーポン対象】本革ミニ財布 2025上半期ランキング受賞【choutrente シュトレンテ公式】 財布 レディース 母の日 二つ折り 本革 かわいい 小さい 小銭入れ付きカードケース じゃばら 財布 磁気 スキミング防止 ICカード RFID 京童工房 : 京童工房（きょうわらべこうぼう）,,https://review.rakuten.co.jp/item/1/346621_10001641/1.1/?l-id=item_SP_SeeItemReview_top,丁寧 サイズ感 かわいい お得 到着,SNS型,"SNSキーワードあり | レビューKW: 丁寧,サイズ感,かわいい,お得,到着",2026-08-25_レディース財布デイリー_rank3.jpg,#e1306c
👛 レディース財布(デイリー),4,https://item.rakuten.co.jp/annekor/ads_035/,https://tshop.r10s.jp/annekor/cabinet/09663183/09782097/035_top.jpg?fitin=128:128,True,【楽天市場】＼マラソン限定★クーポン！／ ミニ財布 【楽天１位★高評価★4.58】極薄 7mm 薄い 財布 レディース コンパクト 本革 レザー 二つ折り 薄型 キャッシュレス スクエア 軽い スリム ミニ ウォレット シンプル スキミング防止 おすすめ ギフト ラッピング 送料無料 アンコール : こだわりバッグ 雑貨 Annekor,,https://review.rakuten.co.jp/item/1/404070_10000082/1.1/?l-id=item_SP_SeeItemReview_top,丁寧 肌触り かわいい お得 おすすめ,説得型LP,"長尺LP (説得型) | レビューKW: 丁寧,肌触り,かわいい,お得,おすすめ",2026-08-25_レディース財布デイリー_rank4.jpg,#bf0000
👛 レディース財布(デイリー),5,https://item.rakuten.co.jp/style-on-bag/lz-66115/,https://tshop.r10s.jp/style-on-bag/cabinet/th/lz-66115_2607.jpg?fitin=128:128,True,【楽天市場】＼クーポンで30%OFF／【映画・ドラマ使用】＼楽天1位／財布 レディース 長財布 短い 薄い l字ファスナー 本革 小さい 財布 軽量 ラウンドファスナー 大容量 ブランド おしゃれ かわいい 大人 カード入れ コンパクト スリム LIZDAYS リズデイズ スタイルオンバッグ : スタイルオンバッグ,,https://review.rakuten.co.jp/item/1/304143_10003430/1.1/?l-id=item_SP_SeeItemReview_top,丁寧 サイズ感 肌触り かわいい お得,SNS型,"SNSキーワードあり | レビューKW: 丁寧,サイズ感,肌触り,かわいい,お得",2026-08-25_レディース財布デイリー_rank5.jpg,#e1306c
👛 レディース財布(デイリー),6,https://item.rakuten.co.jp/kabankoubouaskal/r9007rfset/,https://tshop.r10s.jp/kabankoubouaskal/cabinet/randoseru/9007wt/imgrc0115888266.jpg?fitin=128:128,False,【楽天市場】50店舗の百貨店に選ばれる実績と品質！ メディア掲載多数！協会加盟の職人 ランドセル リメイク　お財布セット アップサイクル　ランドセルリメイクサービス 月間優良ショップ受賞 工房直販 キーケース コインケース ランドセル 卒業記念 　長財布　折財布 : Askalカバン工房,,,なし,－,,,#ccc
👛 レディース財布(デイリー),7,https://item.rakuten.co.jp/eunicedress/kn-04/,https://tshop.r10s.jp/eunicedress/cabinet/item3/kn-04r.jpg?fitin=128:128,False,"【楽天市場】【クーポンで2,490円～】本革タイプ追加 長財布 レディース 小銭入れ スキミング防止 財布 コインスルー 大きく開く 多機能財布 整理整頓 ラウンドファスナー 大容量 京童工房 誕生日 ギフト 父の日 プレゼント おしゃれ 母の日 送料無料[s2] : 京童工房（きょうわらべこうぼう）",,,なし,－,,,#ccc
👛 レディース財布(デイリー),8,https://item.rakuten.co.jp/to-ail/zip-to007/,https://tshop.r10s.jp/to-ail/cabinet/lwt/zip-to007-1.jpg?fitin=128:128,False,【楽天市場】【お買い物マラソン最終日限定！全品20%OFFクーポンあり】小さい長財布 財布 栃木レザー レディース メンズ 小銭入れファスナー付き 極小長財布 小さめ コンパクト 革財布 牛革 本革 プレゼント ギフト ハンドメイド : 栃木レザー専門店 アイル,,,なし,－,,,#ccc
👛 レディース財布(デイリー),9,https://item.rakuten.co.jp/style-on-bag/lz-66118/,https://tshop.r10s.jp/style-on-bag/cabinet/th/lz-65139.jpg?fitin=128:128,False,【楽天市場】＼クーポンで30%OFF／【楽天1位】財布 レディース ミニ 本革 コンパクト 二つ折り財布 カードケース カード入れ ブランド じゃばら財布 小銭入れ お札が折れない ベルト付き RFID スキミング防止 ミニウォレット クレジットカード 大容量 かわいい LIZDAYS リズデイズ : スタイルオンバッグ,,,なし,－,,,#ccc
👛 レディース財布(デイリー),10,https://item.rakuten.co.jp/style-on-bag/lz-606/,https://tshop.r10s.jp/style-on-bag/cabinet/th/lz-606.jpg?fitin=128:128,False,【楽天市場】＼14%OFFクーポン／【映画・ドラマ使用】長財布 レディース 本革 ラウンドファスナー スキミング防止 リズデイズ 財布 長サイフ 牛革 大容量 メンズ 多収納 シンプル 小銭入れ 2室 L字ファスナー ウォレット なが財布 本革長財布 かわいい おしゃれ liz06 : スタイルオンバッグ,,,なし,－,,,#ccc
💼 メンズ財布(デイリー),1,https://item.rakuten.co.jp/allrightleather/waa7433/,https://tshop.r10s.jp/allrightleather/cabinet/kihon4/waa74331.jpg?fitin=128:128,True,【楽天市場】長財布 メンズ 本革 小さい長財布 財布 薄い財布 薄い 薄型 革 小さめ YKKファスナー コンパクト 軽量 L字ファスナー 大容量 小銭入れ 牛革 カード入れ ビジネス おしゃれ かっこいい レディース Dom Teporna Italy ブランド 送料無料 ギフト 対応 L : All Right Leather,,https://review.rakuten.co.jp/item/1/349212_10002691/1.1/?l-id=item_SP_SeeItemReview_top,丁寧 残念 サイズ感 雑 早い,説得型LP,"長尺LP (説得型) | レビューKW: 丁寧,残念,サイズ感,雑,早い",2026-08-25_メンズ財布デイリー_rank1.jpg,#bf0000
💼 メンズ財布(デイリー),2,https://item.rakuten.co.jp/kinoco/wallet-09/,https://tshop.r10s.jp/kinoco/cabinet/item/wallet-09/wallet-09_flick-01-s.jpg?fitin=128:128,True,【楽天市場】＼先着500枚★クーポンで10%OFF／二つ折り財布 メンズ 本革 薄型 ボックス型 小銭入れ コンパクト 小さい 大容量 軽量 カード入れ 使いやすい ミニ財布 革財布 ゴートレザー ビジネス シンプル おしゃれ 20代 30代 40代 50代 一粒万倍日 誕生日 ギフト プレゼント MURA : MURA,,https://review.rakuten.co.jp/item/1/298734_10293032/1.1/?l-id=item_SP_SeeItemReview_top,丁寧 サイズ感 香り お得 到着,SNS型,"SNSキーワードあり | レビューKW: 丁寧,サイズ感,香り,お得,到着",2026-08-25_メンズ財布デイリー_rank2.jpg,#e1306c
💼 メンズ財布(デイリー),3,https://item.rakuten.co.jp/kinoco/wallet-9078-1/,https://tshop.r10s.jp/kinoco/cabinet/item/wallet-9078-1/flick/imgrc0110805130.jpg?fitin=128:128,True,【楽天市場】＼先着500枚★クーポンで10%OFF／二つ折り 財布 メンズ 本革 薄型 大容量 ボックス型 BOX型 小銭入れ コンパクト ミニ財布 小さい 折りたたみ カード収納 軽量 シンプル 薄い 牛革 おしゃれ ビジネス ブランド サイフ 30代 40代 50代 60代 誕生日 ギフト プレゼント MURA : MURA,,https://review.rakuten.co.jp/item/1/298734_10293111/1.1/?l-id=item_SP_SeeItemReview_top,丁寧 お得 到着 おしゃれ 使いやすい,SNS型,"SNSキーワードあり | レビューKW: 丁寧,お得,到着,おしゃれ,使いやすい",2026-08-25_メンズ財布デイリー_rank3.jpg,#e1306c
💼 メンズ財布(デイリー),4,https://item.rakuten.co.jp/asamu/qb-lmzd/,https://tshop.r10s.jp/asamu/cabinet/mainimg/2026nor/qb-lmzd-nor-0716-5.jpg?fitin=128:128,True,"【楽天市場】【P10倍還元！★クーポンで4,677円】楽天1位 財布 メンズ ミニ財布 メンズ財布 二つ折り 栃木レザー 財布 本革 高級感 小さい財布 大容量 コインケース 牛革 小銭入れ レザー サイフ ハンドメイド 左利き 右利き 誕生日 紳士用 男女兼用 ギフト 送料無料 : アサム",,https://review.rakuten.co.jp/item/1/404090_10000509/1.1/?l-id=item_SP_SeeItemReview_top,丁寧 残念 香り 雑 早い,SNS型,"SNSキーワードあり | レビューKW: 丁寧,残念,香り,雑,早い",2026-08-25_メンズ財布デイリー_rank4.jpg,#e1306c
💼 メンズ財布(デイリー),5,https://item.rakuten.co.jp/japanfactory/10000178c/,https://tshop.r10s.jp/japanfactory/cabinet/06682991/imgrc0123640981.jpg?fitin=128:128,True,【楽天市場】【シリーズ売上累計5万9000個突破】ランキング6冠達成 コンパクト 財布 栃木レザー メンズ TIDY2.0 MANO TIDY タイディ 日本製 小さい長財布 長財布 l字ファスナー 本革 YKK 紳士 スキミング防止 ICタッチ タッチ決済 楽天ランキング1位 人気 おすすめ 男性 プレゼント : JAPAN FACTORY 職人の財布,,https://review.rakuten.co.jp/item/1/331407_10000179/1.1/?l-id=item_SP_SeeItemReview_top,丁寧 便利 残念 サイズ感 香り,SNS型,"SNSキーワードあり | レビューKW: 丁寧,便利,残念,サイズ感,香り",2026-08-25_メンズ財布デイリー_rank5.jpg,#e1306c
💼 メンズ財布(デイリー),6,https://item.rakuten.co.jp/kinoco/st-819/,https://tshop.r10s.jp/kinoco/cabinet/item/st-819/st-819_flick-01-26.jpg?fitin=128:128,False,【楽天市場】＼先着500枚★クーポンで10%OFF／二つ折り財布 メンズ 本革 イタリアンレザー 薄型 スキミング防止 大容量 BOX型 ボックス型 小銭入れ コンパクト 折りたたみ 軽量 革財布 ビジネス シンプル 機能的 おしゃれ 30代 40代 50代 旦那 一粒万倍日 誕生日 ギフト プレゼント MURA : MURA,,,なし,－,,,#ccc
💼 メンズ財布(デイリー),7,https://item.rakuten.co.jp/kinoco/ranova/,https://tshop.r10s.jp/kinoco/cabinet/item/ranova/flick/st-1675_flick2606.jpg?fitin=128:128,False,【楽天市場】＼先着500枚★クーポンで10%OFF／長財布 メンズ 本革 イタリアンレザー 牛革 L字ファスナー 薄型 コンパクト 大容量 スキミング防止 スリム 使いやすい カードたくさん 小銭入れ カード入れ 小さめ 革財布 一粒万倍日 30代 40代 50代 誕生日 ギフト プレゼント MURA RANOVA : MURA,,,なし,－,,,#ccc
💼 メンズ財布(デイリー),8,https://item.rakuten.co.jp/bellvo/bl-127/,https://tshop.r10s.jp/bellvo/cabinet/bellvo-case01/bl-127/bl-127-instagram-24.jpg?fitin=128:128,False,【楽天市場】【楽天総合1位】 財布 メンズ 栃木レザー 本革 お札を折らない ミニ財布 レディース 薄い L字ファスナー ブランド カードケース 使いやすい コンパクト 大容量 財布 蛇腹 スキミング防止 磁気防止 小銭入れ ギフト : 本革小物専門店BELLVO,,,なし,－,,,#ccc
💼 メンズ財布(デイリー),9,https://item.rakuten.co.jp/kinoco/wallet-04/,https://tshop.r10s.jp/kinoco/cabinet/item/08456039/flick/wallet-04_flick-01-s.jpg?fitin=128:128,False,【楽天市場】＼先着500枚★クーポンで10%OFF／コードバン調牛革【MURA 公式】 長財布 財布 メンズ カーボン レザー 革 本革 牛革 カーボンレザー おすすめ 人気 さいふ ウォレット 多機能 大容量 男性 紳士用 スリム 収納 ラウンドファスナー メンズ財布 ギフト プレゼント MURA : MURA,,,なし,－,,,#ccc
💼 メンズ財布(デイリー),10,https://item.rakuten.co.jp/freespirits/wallet01115/,https://tshop.r10s.jp/freespirits/cabinet/fr/wallet01115/thumb-01.jpg?fitin=128:128,False,【楽天市場】財布 レンマ マリスコ メンズ 名入れ 二つ折り財布 人気 Marisco ミニ財布 本革 レザー マネークリップ財布 コンパクト財布 カード収納 lemma キャッシュレス ランキング メンズ おしゃれ 記念品 プレゼントギフト : フリースピリッツ楽天市場支店,,,なし,－,,,#ccc
🛋 インテリア(デイリー),1,https://item.rakuten.co.jp/exception5251/f-00003/,https://tshop.r10s.jp/exception5251/cabinet/11219683/11219687/main_image/f-00003.jpg?fitin=128:128,True,【楽天市場】【楽天ランキング1位】総合1位 収納ボックス キャスター付き 5面開閉 折りたたみ 収納ケース フタ付き おしゃれ 中身が見える 衣装ケース 押入れ クローゼット 衣類 布団 積み重ね コンパクト 27L/40L/53L/82L f-00003 : EXCEPTION本店,,https://review.rakuten.co.jp/item/1/413163_10000379/1.1/?l-id=item_SP_SeeItemReview_top,丁寧 かわいい お得 おすすめ 到着,SNS型,"SNSキーワードあり | レビューKW: 丁寧,かわいい,お得,おすすめ,到着",2026-08-25_インテリアデイリー_rank1.jpg,#e1306c
🛋 インテリア(デイリー),2,https://item.rakuten.co.jp/t-interior/qlf019/,https://tshop.r10s.jp/t-interior/cabinet/item/usual/qlf019_bpd.jpg?fitin=128:128,True,【楽天市場】[先着限定]40%OFFクーポン 【レビュー特典有り】 新商品 NERUS 冷感 とろとろケット Flow 吸湿放湿 タオルケット 夏布団 洗える 掛け布団 ひんやり ケット 夏用 けっと 接触冷感 ブランケット 肌掛け布団 夏 布団 とろーり とろける 涼しい 夏用掛け布団 QLF019 : Branchpoint ブランチポイント,,https://review.rakuten.co.jp/item/1/411961_10000307/1.1/?l-id=item_SP_SeeItemReview_top,丁寧 サイズ感 肌触り かわいい お得,説得型LP,"長尺LP (説得型) | レビューKW: 丁寧,サイズ感,肌触り,かわいい,お得",2026-08-25_インテリアデイリー_rank2.jpg,#bf0000
🛋 インテリア(デイリー),3,https://item.rakuten.co.jp/t-interior/qrt01/,https://tshop.r10s.jp/t-interior/cabinet/item/usual/qrt01_bp1.jpg?fitin=128:128,True,【楽天市場】[先着限定]30%OFFクーポン [レビュー特典有り] NERUS 正規品 とろとろケット 洗える 掛け布団 布団 タオルケット ブランケット 肌掛け布団 肌布団 くしゅくしゅケット とろーり とろける とろとろ ケット 夏 夏用 夏布団 冷感 夏掛け布団 夏用布団 QRT01 : Branchpoint ブランチポイント,,https://review.rakuten.co.jp/item/1/411961_10000236/1.1/?l-id=item_SP_SeeItemReview_top,丁寧 サイズ感 肌触り おすすめ 到着,SNS型,"SNSキーワードあり | レビューKW: 丁寧,サイズ感,肌触り,おすすめ,到着",2026-08-25_インテリアデイリー_rank3.jpg,#e1306c
🛋 インテリア(デイリー),4,https://item.rakuten.co.jp/e-kurashi/s1y43/,https://tshop.r10s.jp/e-kurashi/cabinet/rank-img/021/main-s6z70-03.jpg?fitin=128:128,True,【楽天市場】天板 水に強い 耐荷重10kg ズレない 板 中が透けない 壁付き チェスト 専用 チェスト用 収納ケース用 収納ボックス用 シェルフ 棚 【天板のみ ※本体別売り】 山善 YAMAZEN 【送料無料】 : くらしのｅショップ,,https://review.rakuten.co.jp/item/1/205937_10048739/1.1/?l-id=item_SP_SeeItemReview_top,丁寧 便利 残念 雑 遅い,シンプル,"短尺 (シンプル) | レビューKW: 丁寧,便利,残念,雑,遅い",2026-08-25_インテリアデイリー_rank4.jpg,#555
🛋 インテリア(デイリー),5,https://item.rakuten.co.jp/exception5251/ex-t01004/,https://tshop.r10s.jp/exception5251/cabinet/11219683/11219687/main_image/ex-t01004.jpg?fitin=128:128,True,【楽天市場】【楽天ランキング1位】極厚10cm マットレス 高反発 三つ折り 折りたたみ 190N 25D シングル セミダブル ダブル ベッドマットレス 抗菌 防臭 洗える 敷布団 硬め しっかり ex-t01004 : EXCEPTION本店,,https://review.rakuten.co.jp/item/1/413163_10000636/1.1/?l-id=item_SP_SeeItemReview_top,丁寧 肌触り お得 到着 柔らかい,SNS型,"SNSキーワードあり | レビューKW: 丁寧,肌触り,お得,到着,柔らかい",2026-08-25_インテリアデイリー_rank5.jpg,#e1306c
🛋 インテリア(デイリー),6,https://item.rakuten.co.jp/auc-kaei-trading/zk-snb02-all/,https://tshop.r10s.jp/auc-kaei-trading/cabinet/zk-snb02/snb02-2026.jpg?fitin=128:128,False,【楽天市場】【50%オフクーポン】即納 収納ボックス 収納ケース チェスト 折りたたみ 収納 ふた付き キャスター付き 5面開き 前開き 27L 40L 53L 82L 屋外 おしゃれ プラスチック 衣装ケース コンテナ ボックス 衣類 布団 : フリーライフ,,,なし,－,,,#ccc
🛋 インテリア(デイリー),7,https://item.rakuten.co.jp/luckyspread/10000001/,https://tshop.r10s.jp/luckyspread/cabinet/07240546/10248259/imgrc0078419063.jpg?fitin=128:128,False,【楽天市場】冷感1000円OFF【日本No.1受賞】ハグモッチ 正規品【より改善】【医師の92%推奨】30万人の眠りをサポートした 枕 ふわもち 腰 肩 首 いびき対策 抱き枕 妊婦 誕生日プレゼント 人をダメにする クッション【品質保証3年】カバー 洗える 高さ調整 補充綿「2024年最も売れた枕」 : NELUKA【ハグモッチ公式】直営店,,,なし,－,,,#ccc
🛋 インテリア(デイリー),8,https://item.rakuten.co.jp/tansu/13810084/,https://tshop.r10s.jp/tansu/cabinet/00323179/13810084_10aa.jpg?fitin=128:128,False,【楽天市場】確かな品質で6年連続No.1 マットレス ｢純｣ 高反発(R) 全部洗える 10cm厚 3つ折り メッシュ/パイル 折りたたみ ベッドマットレス 10cm セミシングル シングル セミダブル ダブル 三つ折り 高反発 高反発マットレス 敷布団 : タンスのゲン Design the Future,,,なし,－,,,#ccc
🛋 インテリア(デイリー),9,https://item.rakuten.co.jp/33taiyo/hitsuji/,https://tshop.r10s.jp/33taiyo/cabinet/campaign/sale_daiichi/260824/hitsuji.jpg?fitin=128:128,False,"【楽天市場】【最大3,500円OFFクーポン！】枕 枕カバー 付 ヒツジのいらない枕 ギフト 実用的 健康グッズ 誕生日 ギフト 洗える 通気性 寝用枕 うつぶせ寝 まくら ジェル 首 寝返り 横向き 仰向け いびき 予防 防止 tpe ジェル : ヒツジのいらない枕公式睡眠研究所",,,なし,－,,,#ccc
🛋 インテリア(デイリー),10,https://item.rakuten.co.jp/mygear/90xb086ldc55r/,https://tshop.r10s.jp/mygear/cabinet/item/mycomfort/seatcushionwithgel/banner_25.jpg?fitin=128:128,False,【楽天市場】★スペシャルセール★クーポン配布中！【楽天1位 21冠獲得】クッション 椅子 イス オフィス 車 運転 椅子用 洗える 低反発 座布団 姿勢 デスクワーク ゲルクッション ジェルクッション イス用クッション 大きめ 大きい お尻 ざぶとん 座椅子 オフィスワーク : マイコンフォート 楽天市場店,,,なし,－,,,#ccc
🍳 キッチン用品(デイリー),1,https://item.rakuten.co.jp/exception5251/ex-f01014/,https://tshop.r10s.jp/exception5251/cabinet/11219683/11219687/main_image/ex-f01014.jpg?fitin=128:128,True,【楽天市場】【楽天ランキング1位】密閉保存ボトル 12ヵ国特許取得 真空保存容器 保存容器 調味料入れ 乾物入れ キッチン用品 フードコンテナ 密閉 シンプル キャニスター ストックケース キッチン収納 パントリー 収納 ex-f01014 : EXCEPTION本店,,https://review.rakuten.co.jp/item/1/413163_10000629/1.1/?l-id=item_SP_SeeItemReview_top,丁寧 便利 残念 香り 割引,SNS型,"SNSキーワードあり | レビューKW: 丁寧,便利,残念,香り,割引",2026-08-25_キッチン用品デイリー_rank1.jpg,#e1306c
🍳 キッチン用品(デイリー),2,https://item.rakuten.co.jp/chakasho-dina/501fengkouji/,https://tshop.r10s.jp/chakasho-dina/cabinet/13145611/13537810/imgrc0139150150.jpg?fitin=128:128,True,【楽天市場】【先着様夏得セール】45％OFF 8/27 23:59迄 【楽天1位】ヒートシーラー ミニシーラー フードシーラー 充電式 ハンディシーラー 予熱不要 マグネット USB充電 6段階モード コンパクト ミニ 小さめ 収納 クラフト用 ヒートシーラー 真空保存 : chakashodina,,https://review.rakuten.co.jp/item/1/406417_10000751/1.1/?l-id=item_SP_SeeItemReview_top,丁寧 便利 残念 早い リピ,シンプル,"短尺 (シンプル) | レビューKW: 丁寧,便利,残念,早い,リピ",2026-08-25_キッチン用品デイリー_rank2.jpg,#555
🍳 キッチン用品(デイリー),3,https://item.rakuten.co.jp/auc-risecreation/r0887/,https://tshop.r10s.jp/auc-risecreation/cabinet/product/top-2/r0887_top.jpg?fitin=128:128,True,【楽天市場】【30％OFFクーポン★8/26 11:59迄】＼新商品★ヒートシーラー ／USB充電式 家庭用 マグネット 大容量バッテリーフードシーラー ミニシーラー ハンディシーラー ヒートシーラー ハンディ 家庭用 袋 ハンディシーラー 充電式 小型 : atRise（アットライズ）,,https://review.rakuten.co.jp/item/1/307271_10005464/1.1/?l-id=item_SP_SeeItemReview_top,丁寧 便利 早い リピート 到着,SNS型,"SNSキーワードあり | レビューKW: 丁寧,便利,早い,リピート,到着",2026-08-25_キッチン用品デイリー_rank3.jpg,#e1306c
🍳 キッチン用品(デイリー),4,https://item.rakuten.co.jp/exception5251/f-00016/,https://tshop.r10s.jp/exception5251/cabinet/11219683/11219687/main_image/f-00016.jpg?fitin=128:128,True,【楽天市場】【楽天ランキング1位】水切り 水切りラック 調整可能 ステンレス 水切りかご 大容量 水切りカゴ シンク上 横置 流れる キッチン キッチン用品 台所収納 キッチン収納 収納 箸置き付き キッチンラック 省スペース 組み立て f-00016 : EXCEPTION本店,,https://review.rakuten.co.jp/item/1/413163_10000362/1.1/?l-id=item_SP_SeeItemReview_top,丁寧 サイズ感 お得 おすすめ 到着,SNS型,"SNSキーワードあり | レビューKW: 丁寧,サイズ感,お得,おすすめ,到着",2026-08-25_キッチン用品デイリー_rank4.jpg,#e1306c
🍳 キッチン用品(デイリー),5,https://item.rakuten.co.jp/ooble/ricestocker/,https://tshop.r10s.jp/ooble/cabinet/item/thum/m_thum.jpg?fitin=128:128,True,【楽天市場】【＼ポイント5倍／】（27日9時59分まで）【予約販売】米びつ 5kg 10kg 真空 おしゃれ 真空保存容器 米びつ 真空 米びつ こめびつ 米櫃 真空保存容器 ステンレス 保存容器 真空米櫃 密閉 ライスストッカー 5キロ 10キロ 保存容器 米 ペットフードストッカー : OoBLE（オーブル） 楽天市場店,,https://review.rakuten.co.jp/item/1/436413_10000001/1.1/?l-id=item_SP_SeeItemReview_top,丁寧 サイズ感 香り お得 おすすめ,SNS型,"SNSキーワードあり | レビューKW: 丁寧,サイズ感,香り,お得,おすすめ",2026-08-25_キッチン用品デイリー_rank5.jpg,#e1306c
🍳 キッチン用品(デイリー),6,https://item.rakuten.co.jp/auc-risecreation/r0700/,https://tshop.r10s.jp/auc-risecreation/cabinet/product/top-2/r0700_01a.jpg?fitin=128:128,False,【楽天市場】【30％OFFクーポン★8/26 11:59迄】＼新商品★レンジパン／電子レンジ調理器 レシピ 焼き魚 餃子 鶏肉 万能 焼く 魚焼き 目玉焼き 焼き魚 レンジ調理 電子レンジ 焼ける 料理 調理器 : atRise（アットライズ）,,,なし,－,,,#ccc
🍳 キッチン用品(デイリー),7,https://item.rakuten.co.jp/exception5251/c-00037/,https://tshop.r10s.jp/exception5251/cabinet/11219683/11219687/main_image/c-00037.jpg?fitin=128:128,False,【楽天市場】【楽天ランキング1位】まな板 丸いまな板 かまぼこ型 丸型 D型 抗菌 耐熱 熱湯消毒OK エラストマー やわらかい刃あたり 食洗機 乾燥機 対応 ノンスリップ 滑らない 両面利用可能 薄型 軽量 おしゃれ お手入れ簡単 M L c-00037 : EXCEPTION本店,,,なし,－,,,#ccc
🍳 キッチン用品(デイリー),8,https://item.rakuten.co.jp/auc-risecreation/r0606/,https://tshop.r10s.jp/auc-risecreation/cabinet/product/top-2/r0607_01d.jpg?fitin=128:128,False,【楽天市場】【2点で 30％OFFクーポン★8/27 09:59迄】＼フチ付き★エラストマー／Mサイズ登場！ まな板 かまぼこ型 食洗機 対応 おしゃれ 滑り止め 曲がる D型 小さめ sサイズ ミニ 丸 半円 軽量 両面 カッティングボード 耐熱 エラストマー ポリプロピレン : atRise（アットライズ）,,,なし,－,,,#ccc
🍳 キッチン用品(デイリー),9,https://item.rakuten.co.jp/exception5251/ex-c01017/,https://tshop.r10s.jp/exception5251/cabinet/11219683/11219687/main_image/ex-c01017.jpg?fitin=128:128,False,【楽天市場】耐熱ガラス 保存容器 7点セット 密閉 蓋付き 食洗機対応 電子レンジ オーブン 冷凍 保存 240ml 560ml 1370ml バルブ付き つくりおき 作り置き 容器 パッキン 角型 長方形 正方形 透明 ex-c01017 : EXCEPTION本店,,,なし,－,,,#ccc
🍳 キッチン用品(デイリー),10,https://item.rakuten.co.jp/eunicedress/euni-148/,https://tshop.r10s.jp/eunicedress/cabinet/item3/euni-148rr.jpg?fitin=128:128,False,【楽天市場】【クーポンで30％OFF】テーブルナイフ バターナイフ ステンレス 万能ナイフ 軽量 食洗器OK 料理 キッチン ギザ刃 ブレッドナイフ フルーツナイフ 先丸 新生活 アウトドア プレゼント 女性 母の日 父の日 （3） : 京童工房（きょうわらべこうぼう）,,,なし,－,,,#ccc
💄 美容・コスメ(デイリー),1,https://item.rakuten.co.jp/kobe-beauty-labo/apm001/,https://tshop.r10s.jp/kobe-beauty-labo/cabinet/1st_thum/apm001.jpg?fitin=128:128,True,【楽天市場】【Amprem アンプレム シャンプー・トリートメント ボトル】アンプレム ヘアケア ケラチン シルク 美髪 サロン品質 ダメージケア ベルベットネクター イノセントマグノリア : アンド ハビット,,https://review.rakuten.co.jp/wd/2_262435_10002862_0/?l-id=item_SP_WriteItemReview,特徴なし,シンプル,短尺 (シンプル) | レビューKW: ,2026-08-25_美容コスメデイリー_rank1.jpg,#555
💄 美容・コスメ(デイリー),2,https://item.rakuten.co.jp/attenir/166013/,https://tshop.r10s.jp/attenir/cabinet/thum/166013_main_2608-2.jpg?fitin=128:128,True,【楽天市場】【ポイント5倍！〜8月27日9:59】大容量 スキンクリア クレンズ オイル 350mL 大容量 ボトル / つめかえ用 (4種) [ クレンジング クレンジングオイル メイク落とし 毛穴 くすみ エイジングケア 洗顔 角栓 角質 皮脂 詰め替え ダブル洗顔不要 アテニア 公式 ] : アテニア公式ショップ　楽天市場店,,https://review.rakuten.co.jp/item/1/383198_10000252/1.1/?l-id=item_SP_SeeItemReview_top,丁寧 便利 残念 香り 割引,説得型LP,"長尺LP (説得型) | レビューKW: 丁寧,便利,残念,香り,割引",2026-08-25_美容コスメデイリー_rank2.jpg,#bf0000
💄 美容・コスメ(デイリー),3,https://item.rakuten.co.jp/bjc-onlinestore/lashaddict01a/,https://tshop.r10s.jp/bjc-onlinestore/cabinet/item/lashaddict01a/lashaddict0810.jpg?fitin=128:128,True,"【楽天市場】【公式】48時間限定1,500円オフクーポン ラッシュアディクト アイラッシュ コンディショニング セラム アドバンス 5ml アンバサダー仕様リーフレット添付 まつ毛美容液 まつ毛ケア まつげ美容液 まつ毛パーマ Lashaddict 正規品 送料無料 : 【公式】Lashaddict 楽天市場店",,https://review.rakuten.co.jp/item/1/420595_10000020/1.1/?l-id=item_SP_SeeItemReview,丁寧 便利 残念 雑 早い,シンプル,"短尺 (シンプル) | レビューKW: 丁寧,便利,残念,雑,早い",2026-08-25_美容コスメデイリー_rank3.jpg,#555
💄 美容・コスメ(デイリー),4,https://item.rakuten.co.jp/tsurunishi/90xb0784873p1/,https://tshop.r10s.jp/tsurunishi/cabinet/salesamune/coupon/90xb0784873p1-20.jpg?fitin=128:128,True,【楽天市場】【24日 20時〜】20%OFFクーポン有！【公式】オルナオーガニック【楽天ランキング1位】シャンプー & トリートメント 詰め替え セット無添加 ノンシリコン インバスタイプ 400ml&400ml : イルミルド公式ショップ,,https://review.rakuten.co.jp/item/1/358413_10000283/1.1/?l-id=item_SP_SeeItemReview,丁寧 残念 香り 遅い 早い,SNS型,"SNSキーワードあり | レビューKW: 丁寧,残念,香り,遅い,早い",2026-08-25_美容コスメデイリー_rank4.jpg,#e1306c
💄 美容・コスメ(デイリー),5,https://item.rakuten.co.jp/tirtir/tirtir_boi_collab/,https://tshop.r10s.jp/tirtir/cabinet/12135243/13091448/13766285/imgrc0133051187.jpg?fitin=128:128,True,【楽天市場】＼クーポンで、最大57%OFF＋エントリーで、ポイント10倍 ／【TIRTIR公式】TIRTIRｘBoiコラボセット 楽天ROOM クッションファンデ 化粧下地 フェイスパウダー フィクサー プライマー セラムパウダー ベースメイク 韓国コスメ ティルティル : TIRTIR 楽天市場店,,https://review.rakuten.co.jp/wd/2_398957_10001041_0/?l-id=item_SP_WriteItemReview,特徴なし,シンプル,短尺 (シンプル) | レビューKW: ,2026-08-25_美容コスメデイリー_rank5.jpg,#555
💄 美容・コスメ(デイリー),6,https://item.rakuten.co.jp/vtcosmetic-official/soothingmask_set_dl/,https://tshop.r10s.jp/vtcosmetic-official/cabinet/soothingmask_set/700_25_2-2.jpg?fitin=128:128,False,【楽天市場】【25日限定クーポン有】＼25％OFF＋ギフト＋送料無料／【レチナール 新登場】【VT 大容量 パック 2種セット】【 スージング シート マスク PDRN / CICA / ビタミンCアスタキサンチ / アイス / AZケア / レチナール ペプチド / レチノール / コラーゲン / TXトーニング 】シカ : VTcosmetic楽天市場店,,,なし,－,,,#ccc
💄 美容・コスメ(デイリー),7,https://item.rakuten.co.jp/q1st/10000002/,https://tshop.r10s.jp/q1st/cabinet/thumb/sale/10000002_260704.jpg?fitin=128:128,False,【楽天市場】シートマスク プラセンタエキス等50%配合 30枚入り 【単品30枚or2個セット60枚】ホワイト オールインワン シートマスク パック シートパック フェイスパック フェイスマスク 大容量 日本製 プラセンタエキス ビタミンC 保湿 : クオリティファースト　楽天市場店,,,なし,－,,,#ccc
💄 美容・コスメ(デイリー),8,https://item.rakuten.co.jp/shuuemura/shu30001jp/,https://tshop.r10s.jp/shuuemura/cabinet/12824584/13204797/13525001/new.jpg?fitin=128:128,False,【楽天市場】【ポイント10倍 8/24 20:00～8/27 9:59まで】アルティム8∞ ベストセラーキット / ブライト クレンジングオイル キット | シュウウエムラクレンジング クレンジング 楽天市場店限定 洗顔 メイク落とし 毛穴 洗顔料 スキンケア 美容 化粧落とし 送料無料 楽天ベストコスメ : シュウ ウエムラ 公式ショップ,,,なし,－,,,#ccc
💄 美容・コスメ(デイリー),9,https://item.rakuten.co.jp/f-netclub/10000296/,https://tshop.r10s.jp/f-netclub/cabinet/rere-img/imgrc0142787619.jpg?fitin=128:128,False,【楽天市場】育毛剤 女性用 薬用リリィジュ | 医薬部外品 育毛 女性 レディース 抜け毛 産後 生え際 30代 40代 50代 60代 薬用育毛剤 乾燥 頭皮 薄毛 コシ 抜け毛 予防 頭皮ケア 育毛ローション スカルプ 地肌ケア スカルプローション かゆみ 分け目 ヘアトニック スカルプケア ヘアケア : WELLBESTショッピング楽天市場店,,,なし,－,,,#ccc
💄 美容・コスメ(デイリー),10,https://item.rakuten.co.jp/tsurunishi/manual-905b073w1637l-90xb0784873/,https://tshop.r10s.jp/tsurunishi/cabinet/salesamune/event/20260824m/smooth-5-50.jpg?fitin=128:128,False,【楽天市場】【期間限定】半額クーポン有！ 8/24 20:00 ~ 8/27 09:59まで！【公式】オルナオーガニック シャンプー＆トリートメント＆各 詰め替え ＆ ヘアオイルボトル2本(各500ml)+詰め替え2個(各400ml)+ヘアオイル1本(80ml) : イルミルド公式ショップ,,,なし,－,,,#ccc
