keyword,rank,url,thumb_url,is_full,title,catch_copy,review_url,review_summary,type,reason,img,color
財布 レディース,1,https://s-evt.rmp.rakuten.co.jp/eclk,https://s-cdn.rmp.rakuten.co.jp/runa/42317/d33e8829-5d81-4562-ad72-278e99c692d7.jpeg?_ex=200x200,True,eclk (1×1),,,なし,シンプル,短尺 (シンプル),2026-08-09_財布_レディース_rank1.jpg,#555
財布 レディース,2,https://item.rakuten.co.jp/style-on-bag/lz-615/,https://tshop.r10s.jp/style-on-bag/cabinet/th/lz-615_2607.jpg?_ex=200x200,True,【楽天市場】＼20%OFFクーポン＆累計8万個突破／財布 レディース 本革 二つ折り財布 札 小銭 同じ向き LIZDAYS リズデイズ コンパクト さいふ カードケース 小銭入れ 革 ミニサイズ バイカラー タッセル ギフト プレゼント L字ファスナー おしゃれ スタイルオンバッグ 母の日 : スタイルオンバッグ,,https://review.rakuten.co.jp/item/1/304143_10002501/1.1/?l-id=item_SP_SeeItemReview_top,使いやすい リピ 雑 到着 おしゃれ,SNS型,"SNSキーワードあり | レビューKW: 使いやすい,リピ,雑,到着,おしゃれ",2026-08-09_財布_レディース_rank2.jpg,#e1306c
財布 レディース,3,https://item.rakuten.co.jp/morevalue/st5/,https://tshop.r10s.jp/morevalue/cabinet/11008152/st5_01_04i.jpg?_ex=200x200,True,【楽天市場】＼8/11 1:59までクーポンで500円OFF／【LASIEMオリジナル】財布 ミニ財布 レディース ミニ 本革 カードケース ベルト付きじゃばらミニ財布 カード入れ ミニウォレット コンパクト コインケース 二つ折り じゃばら 小銭入れ お札が折れない 収納 プレゼント : LASIEM（ラシエム）,,https://review.rakuten.co.jp/item/1/366493_10000443/1.1/?l-id=item_SP_SeeItemReview_top,使いやすい 割引 リピ 雑 到着,SNS型,"SNSキーワードあり | レビューKW: 使いやすい,割引,リピ,雑,到着",2026-08-09_財布_レディース_rank3.jpg,#e1306c
財布 レディース,4,https://item.rakuten.co.jp/morevalue/t19/,https://tshop.r10s.jp/morevalue/cabinet/rt19/rt19b_01_02r.jpg?_ex=200x200,True,【楽天市場】＼8/11 1:59までクーポンで500円OFF／【ラシエム公式】 財布 レディース ミニ財布 本革 ミニ カードケース カード入れ 大容量 ゴールド ファスナー ミニウォレット コンパクト コインケース 二つ折り じゃばら 小銭入れ お札が折れない カード収納 ブランド : LASIEM（ラシエム）,,https://review.rakuten.co.jp/item/1/366493_10000243/1.1/?l-id=item_SP_SeeItemReview_top,使いやすい 割引 軽い リピ 雑,SNS型,"SNSキーワードあり | レビューKW: 使いやすい,割引,軽い,リピ,雑",2026-08-09_財布_レディース_rank4.jpg,#e1306c
財布 レディース,5,https://item.rakuten.co.jp/style-on-bag/lz-66115/,https://tshop.r10s.jp/style-on-bag/cabinet/th/lz-66115_2607.jpg?_ex=200x200,True,【楽天市場】＼30%OFFクーポン／【映画・ドラマ使用】＼楽天1位／財布 レディース 長財布 短い 薄い l字ファスナー 本革 小さい 財布 軽量 ラウンドファスナー 大容量 ブランド おしゃれ かわいい 大人 カード入れ コンパクト スリム LIZDAYS リズデイズ スタイルオンバッグ : スタイルオンバッグ,,https://review.rakuten.co.jp/item/1/304143_10003430/1.1/?l-id=item_SP_SeeItemReview_top,使いやすい 軽い リピ 雑 到着,SNS型,"SNSキーワードあり | レビューKW: 使いやすい,軽い,リピ,雑,到着",2026-08-09_財布_レディース_rank5.jpg,#e1306c
財布 レディース,6,https://item.rakuten.co.jp/kinoco/cs-17/,https://tshop.r10s.jp/kinoco/cabinet/item/cs-17/cs-17_flick-2601.jpg?_ex=200x200,False,,,,なし,－,,,#ccc
財布 レディース,7,https://item.rakuten.co.jp/allrightleather/waa7412/,https://tshop.r10s.jp/allrightleather/cabinet/kihon4/waa74121.jpg?_ex=200x200,False,,,,なし,－,,,#ccc
財布 レディース,8,https://item.rakuten.co.jp/grav-online/grv0500201/,https://tshop.r10s.jp/grav-online/cabinet/event/grv0500301mara20_728.jpg?_ex=200x200,False,,,,なし,－,,,#ccc
財布 レディース,9,https://item.rakuten.co.jp/eclan/1051704200/,https://tshop.r10s.jp/eclan/cabinet/web/240713-c10-1/1051704200.jpg?_ex=200x200,False,,,,なし,－,,,#ccc
財布 レディース,10,https://item.rakuten.co.jp/kinoco/st-w1055/,https://tshop.r10s.jp/kinoco/cabinet/item/st-w1055/st-w1055_flick-2601.jpg?_ex=200x200,False,,,,なし,－,,,#ccc
財布 レディース,11,https://item.rakuten.co.jp/grav-online/grv0300101/,https://tshop.r10s.jp/grav-online/cabinet/event/lwl2bic_mara20off.jpg?_ex=200x200,False,,,,なし,－,,,#ccc
財布 レディース,12,https://item.rakuten.co.jp/allrightleather/waa7414/,https://tshop.r10s.jp/allrightleather/cabinet/kihon4/waa74141.jpg?_ex=200x200,False,,,,なし,－,,,#ccc
財布 レディース,13,https://item.rakuten.co.jp/backyard/lz615/,https://tshop.r10s.jp/backyard/cabinet/main08/lz615.jpg?_ex=200x200,False,,,,なし,－,,,#ccc
財布 レディース,14,https://item.rakuten.co.jp/grav-online/grv0400101/,https://tshop.r10s.jp/grav-online/cabinet/event/423_grv0400101mara20.jpg?_ex=200x200,False,,,,なし,－,,,#ccc
財布 レディース,15,https://item.rakuten.co.jp/rareleak/gl-ms-124/,https://tshop.r10s.jp/rareleak/cabinet/wallet/05019230/gl-ms-124_sam_r01.jpg?_ex=200x200,False,,,,なし,－,,,#ccc
財布 レディース,16,https://item.rakuten.co.jp/exrevo/wt-06/,https://tshop.r10s.jp/exrevo/cabinet/zakka/wt/wt-06.jpg?_ex=200x200,False,,,,なし,－,,,#ccc
財布 レディース,17,https://item.rakuten.co.jp/morevalue/st12/,https://tshop.r10s.jp/morevalue/cabinet/event/test/st12_01_1c.jpg?_ex=200x200,False,,,,なし,－,,,#ccc
財布 レディース,18,https://item.rakuten.co.jp/salonhana/wallet2/,https://tshop.r10s.jp/salonhana/cabinet/wallet2.jpg?_ex=200x200,False,,,,なし,－,,,#ccc
財布 レディース,19,https://item.rakuten.co.jp/morevalue/m1/,https://tshop.r10s.jp/morevalue/cabinet/m1/m1_1_1r.jpg?_ex=200x200,False,,,,なし,－,,,#ccc
財布 レディース,20,https://item.rakuten.co.jp/morevalue/m3/,https://tshop.r10s.jp/morevalue/cabinet/m3/m3_01_02.jpg?_ex=200x200,False,,,,なし,－,,,#ccc
財布 レディース,21,https://item.rakuten.co.jp/jualablue/tygoods002/,https://tshop.r10s.jp/jualablue/cabinet/lib_img/202406/tygoods002.jpg?_ex=200x200,False,,,,なし,－,,,#ccc
財布 レディース,22,https://item.rakuten.co.jp/morevalue/o5/,https://tshop.r10s.jp/morevalue/cabinet/11083730/o5_01_13c.jpg?_ex=200x200,False,,,,なし,－,,,#ccc
財布 レディース,23,https://item.rakuten.co.jp/sacs-bar/480453/,https://tshop.r10s.jp/sacs-bar/cabinet/lanvin5_w/480453_sb_model.jpg?_ex=200x200,False,,,,なし,－,,,#ccc
財布 レディース,24,https://item.rakuten.co.jp/kinoco/st-w1660/,https://tshop.r10s.jp/kinoco/cabinet/item/st-w1660/st-w1660_flick-001.jpg?_ex=200x200,False,,,,なし,－,,,#ccc
財布 レディース,25,https://item.rakuten.co.jp/morevalue/y2/,https://tshop.r10s.jp/morevalue/cabinet/08683686/y2_01_12c.jpg?_ex=200x200,False,,,,なし,－,,,#ccc
財布 レディース,26,https://item.rakuten.co.jp/style-on-bag/lz-606/,https://tshop.r10s.jp/style-on-bag/cabinet/th/lz-606.jpg?_ex=200x200,False,,,,なし,－,,,#ccc
財布 レディース,27,https://item.rakuten.co.jp/kinoco/st-w1637/,https://tshop.r10s.jp/kinoco/cabinet/item/st-w1637-10color/st-w1637_flick-2601.jpg?_ex=200x200,False,,,,なし,－,,,#ccc
財布 レディース,28,https://item.rakuten.co.jp/morevalue/m23/,https://tshop.r10s.jp/morevalue/cabinet/12305788/m23_01_02c.jpg?_ex=200x200,False,,,,なし,－,,,#ccc
財布 レディース,29,https://item.rakuten.co.jp/kinoco/st-w1090/,https://tshop.r10s.jp/kinoco/cabinet/item/st-w1090/st-w1090_flick-2601.jpg?_ex=200x200,False,,,,なし,－,,,#ccc
財布 レディース,30,https://item.rakuten.co.jp/morevalue/o11/,https://tshop.r10s.jp/morevalue/cabinet/11267440/o11_01_04.jpg?_ex=200x200,False,,,,なし,－,,,#ccc
財布 レディース,31,https://item.rakuten.co.jp/outletruckruck/bdc0004/,https://tshop.r10s.jp/outletruckruck/cabinet/2026/7/260721/bdc0004.jpg?_ex=200x200,False,,,,なし,－,,,#ccc
財布 レディース,32,https://item.rakuten.co.jp/culture/fu-furla219/,https://tshop.r10s.jp/culture/cabinet/0708/fu-furla219_1.jpg?_ex=200x200,False,,,,なし,－,,,#ccc
財布 レディース,33,https://item.rakuten.co.jp/outletruckruck/bdc0007/,https://tshop.r10s.jp/outletruckruck/cabinet/2026/7/260721/bdc0007.jpg?_ex=200x200,False,,,,なし,－,,,#ccc
財布 レディース,34,https://item.rakuten.co.jp/marieanne-8/x28268/,https://tshop.r10s.jp/marieanne-8/cabinet/02/x28268_10c.jpg?_ex=200x200,False,,,,なし,－,,,#ccc
財布 レディース,35,https://item.rakuten.co.jp/riverall/riv6-/,https://tshop.r10s.jp/riverall/cabinet/mainimg2b/riv6-2.jpg?_ex=200x200,False,,,,なし,－,,,#ccc
財布 レディース,36,https://item.rakuten.co.jp/annekor/ads_042/,https://tshop.r10s.jp/annekor/cabinet/2024/ads_042/042_top.jpg?_ex=200x200,False,,,,なし,－,,,#ccc
財布 レディース,37,https://item.rakuten.co.jp/lumie/48705/,https://tshop.r10s.jp/lumie/cabinet/12526380/48705n.jpg?_ex=200x200,False,,,,なし,－,,,#ccc
財布 レディース,38,https://item.rakuten.co.jp/kinoco/st-831w/,https://tshop.r10s.jp/kinoco/cabinet/item/08605730/st-831w_flick-2601.jpg?_ex=200x200,False,,,,なし,－,,,#ccc
財布 レディース,39,https://item.rakuten.co.jp/groovergrand/bp-1087/,https://tshop.r10s.jp/groovergrand/cabinet/blanc/bp-1087-thum.jpg?_ex=200x200,False,,,,なし,－,,,#ccc
財布 レディース,40,https://item.rakuten.co.jp/style-on-bag/lz-65111/,https://tshop.r10s.jp/style-on-bag/cabinet/th/lz-65111_2511.jpg?_ex=200x200,False,,,,なし,－,,,#ccc
財布 レディース,41,https://item.rakuten.co.jp/wide/61298/,https://tshop.r10s.jp/wide/cabinet/guide/75564-800-r1.jpg?_ex=200x200,False,,,,なし,－,,,#ccc
財布 レディース,42,https://item.rakuten.co.jp/eunicedress/kc-12/,https://tshop.r10s.jp/eunicedress/cabinet/item8/kc-12r2.jpg?_ex=200x200,False,,,,なし,－,,,#ccc
財布 レディース,43,https://item.rakuten.co.jp/kinoco/st-909/,https://tshop.r10s.jp/kinoco/cabinet/item/08605714/flick/st-909_flick-2601.jpg?_ex=200x200,False,,,,なし,－,,,#ccc
財布 レディース,44,https://item.rakuten.co.jp/kinoco/cs-18/,https://tshop.r10s.jp/kinoco/cabinet/item/cs-18/cs-18_flick-2601.jpg?_ex=200x200,False,,,,なし,－,,,#ccc
財布 レディース,45,https://item.rakuten.co.jp/morevalue/m11/,https://tshop.r10s.jp/morevalue/cabinet/11166104/m11_01_02.jpg?_ex=200x200,False,,,,なし,－,,,#ccc
財布 レディース,46,https://item.rakuten.co.jp/groovergrand/bp-1068/,https://tshop.r10s.jp/groovergrand/cabinet/blancpomme/bp-1068-thum.jpg?_ex=200x200,False,,,,なし,－,,,#ccc
財布 レディース 二つ折,1,https://item.rakuten.co.jp/style-on-bag/lz-615/,https://tshop.r10s.jp/style-on-bag/cabinet/th/lz-615_2607.jpg?_ex=200x200,True,【楽天市場】＼20%OFFクーポン＆累計8万個突破／財布 レディース 本革 二つ折り財布 札 小銭 同じ向き LIZDAYS リズデイズ コンパクト さいふ カードケース 小銭入れ 革 ミニサイズ バイカラー タッセル ギフト プレゼント L字ファスナー おしゃれ スタイルオンバッグ 母の日 : スタイルオンバッグ,,https://review.rakuten.co.jp/item/1/304143_10002501/1.1/?l-id=item_SP_SeeItemReview_top,使いやすい リピ 雑 到着 おしゃれ,SNS型,"SNSキーワードあり | レビューKW: 使いやすい,リピ,雑,到着,おしゃれ",2026-08-09_財布_レディース_二つ折_rank1.jpg,#e1306c
財布 レディース 二つ折,2,https://item.rakuten.co.jp/grav-online/grv0400101/,https://tshop.r10s.jp/grav-online/cabinet/event/423_grv0400101mara20.jpg?_ex=200x200,True,"【楽天市場】【20％OFFクーポン→3,348円〜！マラソン限定!】 ★楽天1位★ ＼雑誌掲載／ 財布 レディース 二つ折 本革 二つ折り財布 ミニ財布 財布 大容量 ブランド 革 使いやすい スキミング防止 小さい財布 カード入れ プレゼント ギフト 小銭入れ : バッグと財布の専門店GRAV Store",,https://review.rakuten.co.jp/item/1/425932_10000000/1.1/?l-id=item_SP_SeeItemReview_top,使いやすい リピ 雑 到着 早い,SNS型,"SNSキーワードあり | レビューKW: 使いやすい,リピ,雑,到着,早い",2026-08-09_財布_レディース_二つ折_rank2.jpg,#e1306c
財布 レディース 二つ折,3,https://item.rakuten.co.jp/morevalue/st12/,https://tshop.r10s.jp/morevalue/cabinet/event/test/st12_01_1c.jpg?_ex=200x200,True,【楽天市場】＼8/11 1:59までクーポンで1000円OFF／財布 レディース 二つ折 二つ折り財布 二つ折り 2つ折り財布 お財布 本革 革 レザー コンパクト ミニ財布 小さい財布 ミニウォレット ブランド 大容量 使いやすい カードがたくさん入る スキミング防止 小銭入れ かわいい : LASIEM（ラシエム）,,https://review.rakuten.co.jp/item/1/366493_10000489/1.1/?l-id=item_SP_SeeItemReview_top,使いやすい 割引 軽い リピ 雑,SNS型,"SNSキーワードあり | レビューKW: 使いやすい,割引,軽い,リピ,雑",2026-08-09_財布_レディース_二つ折_rank3.jpg,#e1306c
財布 レディース 二つ折,4,https://item.rakuten.co.jp/exrevo/wt-14/,https://tshop.r10s.jp/exrevo/cabinet/zakka/wt/wt-14.jpg?_ex=200x200,True,【楽天市場】＼クーポン利用で2988円／ 二つ折り財布 レディース 財布 メンズ 財布 二つ折り レザー 牛革 ボックス型 BOX型 小銭入れ お札入れ ミニ財布 大容量 薄い 使いやすい カード収納 おしゃれ かわいい 女性 一粒万倍日 【名入れ対象】 : エクレボ　楽天市場店,,https://review.rakuten.co.jp/item/1/278191_10001117/1.1/?l-id=item_SP_SeeItemReview_top,使いやすい 割引 リピ 雑 到着,SNS型,"SNSキーワードあり | レビューKW: 使いやすい,割引,リピ,雑,到着",2026-08-09_財布_レディース_二つ折_rank4.jpg,#e1306c
財布 レディース 二つ折,5,https://item.rakuten.co.jp/morevalue/y2/,https://tshop.r10s.jp/morevalue/cabinet/08683686/y2_01_12c.jpg?_ex=200x200,True,【楽天市場】LASIEM 二つ折り財布 レディース 二つ折 財布 本革 革 サフィアーノ レザー ボックス型 小銭入れ box型小銭入れ 小さい財布 二つおり財布 折りたたみ ミニ財布 本革ミニ財布 スリム 薄い 薄型 スキミング防止 ブランド コンパクト 大容量 : LASIEM（ラシエム）,,https://review.rakuten.co.jp/item/1/366493_10000264/1.1/?l-id=item_SP_SeeItemReview_top,使いやすい 割引 軽い リピ 雑,SNS型,"SNSキーワードあり | レビューKW: 使いやすい,割引,軽い,リピ,雑",2026-08-09_財布_レディース_二つ折_rank5.jpg,#e1306c
財布 レディース 二つ折,6,https://item.rakuten.co.jp/annekor/ads_044/,https://tshop.r10s.jp/annekor/cabinet/2024/ads044/044_top.jpg?_ex=200x200,False,,,,なし,－,,,#ccc
財布 レディース 二つ折,7,https://item.rakuten.co.jp/backyard-1/lz615/,https://tshop.r10s.jp/backyard-1/cabinet/main08/lz615.jpg?_ex=200x200,False,,,,なし,－,,,#ccc
財布 レディース 二つ折,8,https://item.rakuten.co.jp/allrightleather/waa7414/,https://tshop.r10s.jp/allrightleather/cabinet/kihon4/waa74141.jpg?_ex=200x200,False,,,,なし,－,,,#ccc
財布 レディース 二つ折,9,https://item.rakuten.co.jp/salonhana/wallet2/,https://tshop.r10s.jp/salonhana/cabinet/wallet2.jpg?_ex=200x200,False,,,,なし,－,,,#ccc
財布 レディース 二つ折,10,https://item.rakuten.co.jp/outletruckruck/bdc0007/,https://tshop.r10s.jp/outletruckruck/cabinet/2026/7/260721/bdc0007.jpg?_ex=200x200,False,,,,なし,－,,,#ccc
財布 レディース 二つ折,11,https://item.rakuten.co.jp/groovergrand/bp-1033/,https://tshop.r10s.jp/groovergrand/cabinet/blanc/bp-1033_thumrank.jpg?_ex=200x200,False,,,,なし,－,,,#ccc
財布 レディース 二つ折,12,https://item.rakuten.co.jp/sacs-bar/480453/,https://tshop.r10s.jp/sacs-bar/cabinet/lanvin5_w/480453_sb_model.jpg?_ex=200x200,False,,,,なし,－,,,#ccc
財布 レディース 二つ折,13,https://item.rakuten.co.jp/culture/fu-furla221/,https://tshop.r10s.jp/culture/cabinet/2602-pic20/fu-wp00315are003b0_1.jpg?_ex=200x200,False,,,,なし,－,,,#ccc
財布 レディース 二つ折,14,https://item.rakuten.co.jp/lumie/48705/,https://tshop.r10s.jp/lumie/cabinet/12526380/48705n.jpg?_ex=200x200,False,,,,なし,－,,,#ccc
財布 レディース 二つ折,15,https://item.rakuten.co.jp/morevalue/m1/,https://tshop.r10s.jp/morevalue/cabinet/m1/m1_1_1r.jpg?_ex=200x200,False,,,,なし,－,,,#ccc
財布 レディース 二つ折,16,https://item.rakuten.co.jp/morevalue/st5/,https://tshop.r10s.jp/morevalue/cabinet/11008152/st5_01_04i.jpg?_ex=200x200,False,,,,なし,－,,,#ccc
財布 レディース 二つ折,17,https://item.rakuten.co.jp/style-on-bag/lz-66401/,https://tshop.r10s.jp/style-on-bag/cabinet/th/lz-66401.jpg?_ex=200x200,False,,,,なし,－,,,#ccc
財布 レディース 二つ折,18,https://item.rakuten.co.jp/eclan/1051704200/,https://tshop.r10s.jp/eclan/cabinet/web/240713-c10-1/1051704200.jpg?_ex=200x200,False,,,,なし,－,,,#ccc
財布 レディース 二つ折,19,https://item.rakuten.co.jp/outletruckruck/bdc0004/,https://tshop.r10s.jp/outletruckruck/cabinet/2026/7/260721/bdc0004.jpg?_ex=200x200,False,,,,なし,－,,,#ccc
財布 レディース 二つ折,20,https://item.rakuten.co.jp/kinoco/st-w1055/,https://tshop.r10s.jp/kinoco/cabinet/item/st-w1055/st-w1055_flick-2601.jpg?_ex=200x200,False,,,,なし,－,,,#ccc
財布 レディース 二つ折,21,https://item.rakuten.co.jp/sacs-bar/482037/,https://tshop.r10s.jp/sacs-bar/cabinet/lanvin4/482037.jpg?_ex=200x200,False,,,,なし,－,,,#ccc
財布 レディース 二つ折,22,https://item.rakuten.co.jp/adkabos/double-wallet/,https://tshop.r10s.jp/adkabos/cabinet/double-wallet/double-wallet.jpg?_ex=200x200,False,,,,なし,－,,,#ccc
財布 レディース 二つ折,23,https://item.rakuten.co.jp/morevalue/o5/,https://tshop.r10s.jp/morevalue/cabinet/11083730/o5_01_13c.jpg?_ex=200x200,False,,,,なし,－,,,#ccc
財布 レディース 二つ折,24,https://item.rakuten.co.jp/morevalue/t19/,https://tshop.r10s.jp/morevalue/cabinet/rt19/rt19b_01_02r.jpg?_ex=200x200,False,,,,なし,－,,,#ccc
財布 レディース 二つ折,25,https://item.rakuten.co.jp/riverall/riv6-/,https://tshop.r10s.jp/riverall/cabinet/mainimg2b/riv6-2.jpg?_ex=200x200,False,,,,なし,－,,,#ccc
財布 レディース 二つ折,26,https://item.rakuten.co.jp/outletruckruck/bdc0014/,https://tshop.r10s.jp/outletruckruck/cabinet/2026/7/260721/bdc0014.jpg?_ex=200x200,False,,,,なし,－,,,#ccc
財布 レディース 二つ折,27,https://item.rakuten.co.jp/exrevo/wt-06/,https://tshop.r10s.jp/exrevo/cabinet/zakka/wt/wt-06.jpg?_ex=200x200,False,,,,なし,－,,,#ccc
財布 レディース 二つ折,28,https://item.rakuten.co.jp/morevalue/o17/,https://tshop.r10s.jp/morevalue/cabinet/11446350/o17_01_03.jpg?_ex=200x200,False,,,,なし,－,,,#ccc
財布 レディース 二つ折,29,https://item.rakuten.co.jp/kinoco/st-w1090/,https://tshop.r10s.jp/kinoco/cabinet/item/st-w1090/st-w1090_flick-2601.jpg?_ex=200x200,False,,,,なし,－,,,#ccc
財布 レディース 二つ折,30,https://item.rakuten.co.jp/sacs-bar/cla-185435/,https://tshop.r10s.jp/sacs-bar/cabinet/ef/cla-185435.jpg?_ex=200x200,False,,,,なし,－,,,#ccc
財布 レディース 二つ折,31,https://item.rakuten.co.jp/blue-sincere/half-wallet2/,https://tshop.r10s.jp/blue-sincere/cabinet/05982661/longwallet/hw3/hw3_samune_2ebadge.jpg?_ex=200x200,False,,,,なし,－,,,#ccc
財布 レディース 二つ折,32,https://item.rakuten.co.jp/kiitos-web/pu-11-1670/,https://tshop.r10s.jp/kiitos-web/cabinet/04900539/pu-11-1670.jpg?_ex=200x200,False,,,,なし,－,,,#ccc
財布 レディース 二つ折,33,https://item.rakuten.co.jp/style-on-bag/lz-604/,https://tshop.r10s.jp/style-on-bag/cabinet/th/lz-604r.jpg?_ex=200x200,False,,,,なし,－,,,#ccc
財布 レディース 二つ折,34,https://item.rakuten.co.jp/sentire/dakota_0036123/,https://tshop.r10s.jp/sentire/cabinet/itemimg153/0036123-mobile01.jpg?_ex=200x200,False,,,,なし,－,,,#ccc
財布 レディース 二つ折,35,https://item.rakuten.co.jp/morevalue/m11/,https://tshop.r10s.jp/morevalue/cabinet/11166104/m11_01_02.jpg?_ex=200x200,False,,,,なし,－,,,#ccc
財布 レディース 二つ折,36,https://item.rakuten.co.jp/annekor22/ads_035/,https://tshop.r10s.jp/annekor22/cabinet/ads035/ads035_top.jpg?_ex=200x200,False,,,,なし,－,,,#ccc
財布 レディース 二つ折,37,https://item.rakuten.co.jp/exrevo/wt-21bg/,https://tshop.r10s.jp/exrevo/cabinet/zakka/wt/wt-21bg_rank_.jpg?_ex=200x200,False,,,,なし,－,,,#ccc
財布 レディース 二つ折,38,https://item.rakuten.co.jp/lumie/48984/,https://tshop.r10s.jp/lumie/cabinet/12526380/48984aaa.jpg?_ex=200x200,False,,,,なし,－,,,#ccc
財布 レディース 二つ折,39,https://item.rakuten.co.jp/sentire/0034891/,https://tshop.r10s.jp/sentire/cabinet/i_dakota08/0034891-mobile01.jpg?_ex=200x200,False,,,,なし,－,,,#ccc
財布 レディース 二つ折,40,https://item.rakuten.co.jp/startfly/b-sfl0030/,https://tshop.r10s.jp/startfly/cabinet/biiino/item/main-image-2/20250530102834_1.jpg?_ex=200x200,False,,,,なし,－,,,#ccc
財布 レディース 二つ折,41,https://item.rakuten.co.jp/adkabos/23-wallet-1/,https://tshop.r10s.jp/adkabos/cabinet/23-wallet-1/23-wallet-1re.jpg?_ex=200x200,False,,,,なし,－,,,#ccc
財布 レディース 二つ折,42,https://item.rakuten.co.jp/thebagmania/jslw3as2/,https://tshop.r10s.jp/thebagmania/cabinet/ladies/js/jslw3as2/jslw3as2_main.jpg?_ex=200x200,False,,,,なし,－,,,#ccc
財布 レディース 二つ折,43,https://item.rakuten.co.jp/groovergrand/bp-1046/,https://tshop.r10s.jp/groovergrand/cabinet/blancpomme/bp-1046_thum-y.jpg?_ex=200x200,False,,,,なし,－,,,#ccc
財布 レディース 二つ折,44,https://item.rakuten.co.jp/zaqrobacca/li4/,https://tshop.r10s.jp/zaqrobacca/cabinet/sale/10/li4_point.jpg?_ex=200x200,False,,,,なし,－,,,#ccc
財布 レディース 二つ折,45,https://item.rakuten.co.jp/groovergrand/bp-1095/,https://tshop.r10s.jp/groovergrand/cabinet/blanc/bp-1095.jpg?_ex=200x200,False,,,,なし,－,,,#ccc
名刺入れ,1,https://item.rakuten.co.jp/stmeister/st-016-o/,https://tshop.r10s.jp/stmeister/cabinet/enokio/09102183/enokiocardoutlet01.jpg?_ex=200x200,True,【楽天市場】【訳ありアウトレット品】プレミアムレザー 名刺入れ 本革 シュリンクレザー enokio【送料無料】 : 財布＆バッグ専門店　STREAM,,https://review.rakuten.co.jp/item/1/356174_10000090/1.1/?l-id=item_SP_SeeItemReview_top,丁寧 コスパ プレゼント お得 おすすめ,SNS型,"SNSキーワードあり | レビューKW: 丁寧,コスパ,プレゼント,お得,おすすめ",2026-08-09_名刺入れ_rank1.jpg,#e1306c
名刺入れ,2,https://item.rakuten.co.jp/grav-online/grv0800301/,https://tshop.r10s.jp/grav-online/cabinet/event/grv0800301_newmara20.jpg?_ex=200x200,True,"【楽天市場】【20％OFFクーポン→2,001円〜！マラソン限定!】楽天1位★ 名刺入れ レディース 本革 名刺ケース カードケース シボ ビジネス 薄型 大容量 たくさん入る マチあり 50枚 可動式 仕切り付き マグネット シンプル おしゃれ バイカラー スリム 軽量 誕生日 就職祝い 転職祝い : バッグと財布の専門店GRAV Store",,https://review.rakuten.co.jp/item/1/425932_10000033/1.1/?l-id=item_SP_SeeItemReview_top,丁寧 コスパ 使いやすい プレゼント お得,SNS型,"SNSキーワードあり | レビューKW: 丁寧,コスパ,使いやすい,プレゼント,お得",2026-08-09_名刺入れ_rank2.jpg,#e1306c
名刺入れ,3,https://item.rakuten.co.jp/berykoko/10000541/,https://tshop.r10s.jp/berykoko/cabinet/06723629/metalcardcase_kk.jpg?_ex=200x200,True,【楽天市場】＼50%offクーポン有／ 楽天1位 名刺入れ カードケース 20枚 レディース メンズ 名刺ケース カード入れ カードホルダー ステンレス 薄型 薄い スリム ポイントカードケース おしゃれ 名刺いれ 名刺入 男性 女性 ポイントカード 大人 ビジネス 新入社員 ギフト プレゼント 贈 : DCT COMPANY 楽天市場店,,https://review.rakuten.co.jp/item/1/305537_10000541/1.1/?l-id=item_SP_SeeItemReview_top,丁寧 コスパ 使いやすい プレゼント シンプル,説得型LP,"長尺LP (説得型) | レビューKW: 丁寧,コスパ,使いやすい,プレゼント,シンプル",2026-08-09_名刺入れ_rank3.jpg,#bf0000
名刺入れ,4,https://item.rakuten.co.jp/alivelive/meishi493-2/,https://tshop.r10s.jp/alivelive/cabinet/07577257/honkawaka-doke-su/meishi493_001n.jpg?_ex=200x200,True,【楽天市場】【26h限定8%OFFクーポン配布！】名刺入れ レディース 名刺ケース カードケース 女性用 大容量 送料無料 黒 ベージュ ブルー グレー クレジットカード メンズ 名刺 IC おしゃれ 社会人 就職祝い プレゼント : OLVINA（オルヴィナ）,,https://review.rakuten.co.jp/item/1/384795_10000219/1.1/?l-id=item_SP_SeeItemReview_top,丁寧 使いやすい プレゼント シンプル サイズ感,シンプル,"短尺 (シンプル) | レビューKW: 丁寧,使いやすい,プレゼント,シンプル,サイズ感",2026-08-09_名刺入れ_rank4.jpg,#555
名刺入れ,5,https://item.rakuten.co.jp/exrevo/cc-72c/,https://tshop.r10s.jp/exrevo/cabinet/zakka/cc/2/cc-72c.jpg?_ex=200x200,True,【楽天市場】＼クーポン利用で1386円／ 名刺入れ レディース メンズ 薄型 カードケース じゃばら マチ 女性用 男性用 革調 名刺ケース 50枚 軽量 くすみ シンプル ポイントカード入れ クレジットカード レザー 無地 コンパクト【名入れ対象】 : エクレボ　楽天市場店,,https://review.rakuten.co.jp/item/1/278191_10001454/1.1/?l-id=item_SP_SeeItemReview_top,使いやすい 軽い リピ 雑 到着,SNS型,"SNSキーワードあり | レビューKW: 使いやすい,軽い,リピ,雑,到着",2026-08-09_名刺入れ_rank5.jpg,#e1306c
名刺入れ,6,https://item.rakuten.co.jp/dogtag/pu2t_card/,https://tshop.r10s.jp/dogtag/cabinet/naire/wt_m/cr0272-sg-ba-m01.jpg?_ex=200x200,False,,,,なし,－,,,#ccc
名刺入れ,7,https://item.rakuten.co.jp/fereple/business-card-holder/,https://tshop.r10s.jp/fereple/cabinet/top/12667411/13533799/bbcasetop20260709.jpg?_ex=200x200,False,,,,なし,－,,,#ccc
名刺入れ,8,https://item.rakuten.co.jp/bestselectmart/se-bag-1092/,https://tshop.r10s.jp/bestselectmart/cabinet/bag/bag_109/bag-1092_00.jpg?_ex=200x200,False,,,,なし,－,,,#ccc
名刺入れ,9,https://item.rakuten.co.jp/tavarat/tav-019/,https://tshop.r10s.jp/tavarat/cabinet/cardholder/tav/tav-019/imgrc0113001272.jpg?_ex=200x200,False,,,,なし,－,,,#ccc
名刺入れ,10,https://item.rakuten.co.jp/goodgoods-center/meisiire/,https://tshop.r10s.jp/goodgoods-center/cabinet/compass1680970859.jpg?_ex=200x200,False,,,,なし,－,,,#ccc
名刺入れ,11,https://item.rakuten.co.jp/annekor/ads_033/,https://tshop.r10s.jp/annekor/cabinet/09663183/09748255/imgrc0095174586.jpg?_ex=200x200,False,,,,なし,－,,,#ccc
名刺入れ,12,https://item.rakuten.co.jp/doodeka/yb-028/,https://tshop.r10s.jp/doodeka/cabinet/06164962/10838504/imgrc0107738320.jpg?_ex=200x200,False,,,,なし,－,,,#ccc
名刺入れ,13,https://item.rakuten.co.jp/style-equal/ak-card-color/,https://tshop.r10s.jp/style-equal/cabinet/thumbnail2/akcard_ftn-20cp.jpg?_ex=200x200,False,,,,なし,－,,,#ccc
名刺入れ,14,https://item.rakuten.co.jp/blue-sincere/auxilia/,https://tshop.r10s.jp/blue-sincere/cabinet/05982661/passcase/lm2/imgrc0104448408.jpg?_ex=200x200,False,,,,なし,－,,,#ccc
名刺入れ,15,https://item.rakuten.co.jp/sacs-bar/tk1705019/,https://tshop.r10s.jp/sacs-bar/cabinet/tk8/tk1705019.jpg?_ex=200x200,False,,,,なし,－,,,#ccc
名刺入れ,16,https://item.rakuten.co.jp/businessleather/r_00003/,https://tshop.r10s.jp/businessleather/cabinet/new_swipe/r_00003/r_00003-t1.jpg?_ex=200x200,False,,,,なし,－,,,#ccc
名刺入れ,17,https://item.rakuten.co.jp/groovergrand/bp-2011/,https://tshop.r10s.jp/groovergrand/cabinet/blancpomme/bp-2011_2303.jpg?_ex=200x200,False,,,,なし,－,,,#ccc
名刺入れ,18,https://item.rakuten.co.jp/sapporo-kawa/ke-001/,https://tshop.r10s.jp/sapporo-kawa/cabinet/product/origin/001-img/ke-001r-thu001-vms.jpg?_ex=200x200,False,,,,なし,－,,,#ccc
名刺入れ,19,https://item.rakuten.co.jp/sionworks/slidethumb30/,https://tshop.r10s.jp/sionworks/cabinet/slidethumb30/topranking-100.jpg?_ex=200x200,False,,,,なし,－,,,#ccc
名刺入れ,20,https://item.rakuten.co.jp/moon-x-shop/7083365597369/,https://tshop.r10s.jp/moon-x-shop/cabinet/09998535/roffal/11744153/imgrc0111138487.jpg?_ex=200x200,False,,,,なし,－,,,#ccc
名刺入れ,21,https://item.rakuten.co.jp/futurebox/fb-bag-1092/,https://tshop.r10s.jp/futurebox/cabinet/bag/bag_109/bag-1092_00.jpg?_ex=200x200,False,,,,なし,－,,,#ccc
名刺入れ,22,https://item.rakuten.co.jp/naturalstaff/meishi-tatsuno-02/,https://tshop.r10s.jp/naturalstaff/cabinet/shohin02/tatsuno2_01.jpg?_ex=200x200,False,,,,なし,－,,,#ccc
名刺入れ,23,https://item.rakuten.co.jp/freespirits/meishiire00433/,https://tshop.r10s.jp/freespirits/cabinet/thumbnail-w/meishiire00433-01-r.jpg?_ex=200x200,False,,,,なし,－,,,#ccc
名刺入れ,24,https://item.rakuten.co.jp/teddyshop/card053/,https://tshop.r10s.jp/teddyshop/cabinet/card2/card0531_2.jpg?_ex=200x200,False,,,,なし,－,,,#ccc
名刺入れ,25,https://item.rakuten.co.jp/stylife/nr2196/,https://tshop.r10s.jp/stylife/cabinet/item/196/nr2196-01_1.jpg?_ex=200x200,False,,,,なし,－,,,#ccc
名刺入れ,26,https://item.rakuten.co.jp/groovergrand/bp-2018/,https://tshop.r10s.jp/groovergrand/cabinet/blanc/bp-2018-thum-rank.jpg?_ex=200x200,False,,,,なし,－,,,#ccc
名刺入れ,27,https://item.rakuten.co.jp/sacs-bar/ors-040909/,https://tshop.r10s.jp/sacs-bar/cabinet/ef/ors-040909.jpg?_ex=200x200,False,,,,なし,－,,,#ccc
名刺入れ,28,https://item.rakuten.co.jp/dogtag/2t_card_lm/,https://tshop.r10s.jp/dogtag/cabinet/naire/wt_m/cr0730-sg-ba-m01.jpg?_ex=200x200,False,,,,なし,－,,,#ccc
名刺入れ,29,https://item.rakuten.co.jp/alivelive/carbon-meishi03/,https://tshop.r10s.jp/alivelive/cabinet/carbon/vi_06693.jpg?_ex=200x200,False,,,,なし,－,,,#ccc
名刺入れ,30,https://item.rakuten.co.jp/kizamu/meishi-019/,https://tshop.r10s.jp/kizamu/cabinet/12257669/imgrc0122923531.jpg?_ex=200x200,False,,,,なし,－,,,#ccc
名刺入れ,31,https://item.rakuten.co.jp/kyogoku/b0ctxyp9nj/,https://tshop.r10s.jp/kyogoku/cabinet/11/imgrc0101716044.jpg?_ex=200x200,False,,,,なし,－,,,#ccc
名刺入れ,32,https://item.rakuten.co.jp/grav-online/grv0800201/,https://tshop.r10s.jp/grav-online/cabinet/event/grv0800201_mai20off.jpg?_ex=200x200,False,,,,なし,－,,,#ccc
名刺入れ,33,https://item.rakuten.co.jp/naturalstaff/meishi-tatsuno/,https://tshop.r10s.jp/naturalstaff/cabinet/shohin02/meishi_tat_sd_00.jpg?_ex=200x200,False,,,,なし,－,,,#ccc
名刺入れ,34,https://item.rakuten.co.jp/stylife/gp8779/,https://tshop.r10s.jp/stylife/cabinet/item/779/gp8779-01_1.jpg?_ex=200x200,False,,,,なし,－,,,#ccc
名刺入れ,35,https://item.rakuten.co.jp/moltofelice/compass1696557883/,https://tshop.r10s.jp/moltofelice/cabinet/biiino/item/main-image-2/20260612170224_1.jpg?_ex=200x200,False,,,,なし,－,,,#ccc
名刺入れ,36,https://item.rakuten.co.jp/stylife/hy0073/,https://tshop.r10s.jp/stylife/cabinet/item/073/hy0073-02_1.jpg?_ex=200x200,False,,,,なし,－,,,#ccc
名刺入れ,37,https://item.rakuten.co.jp/freespirits/meishiire00092/,https://tshop.r10s.jp/freespirits/cabinet/fr/meishiire00092/thumb-01.jpg?_ex=200x200,False,,,,なし,－,,,#ccc
名刺入れ,38,https://item.rakuten.co.jp/sapporo-kawa/kb-018/,https://tshop.r10s.jp/sapporo-kawa/cabinet/product/origin/001-img/kb-018-thu001-vmsss.jpg?_ex=200x200,False,,,,なし,－,,,#ccc
名刺入れ,39,https://item.rakuten.co.jp/stylife/gp8813/,https://tshop.r10s.jp/stylife/cabinet/item/813/gp8813-01_1.jpg?_ex=200x200,False,,,,なし,－,,,#ccc
名刺入れ,40,https://item.rakuten.co.jp/nm-element/atca0003/,https://tshop.r10s.jp/nm-element/cabinet/glocase/atca0003/atca0003top.jpg?_ex=200x200,False,,,,なし,－,,,#ccc
名刺入れ,41,https://item.rakuten.co.jp/mokko-ya/cardcase-gentle/,https://tshop.r10s.jp/mokko-ya/cabinet/stationery01/cardcase-g-s1.jpg?_ex=200x200,False,,,,なし,－,,,#ccc
名刺入れ,42,https://item.rakuten.co.jp/favoritestyle/00002861/,https://tshop.r10s.jp/favoritestyle/cabinet/save_image31/00002861_01m_y_2601.jpg?_ex=200x200,False,,,,なし,－,,,#ccc
名刺入れ,43,https://item.rakuten.co.jp/glencheck/73015s/,https://tshop.r10s.jp/glencheck/cabinet/shohin27/1326tham_2507.jpg?_ex=200x200,False,,,,なし,－,,,#ccc
名刺入れ,44,https://item.rakuten.co.jp/ray-g-cast/10000134/,https://tshop.r10s.jp/ray-g-cast/cabinet/ilbisonte-cardcase/411620-s.jpg?_ex=200x200,False,,,,なし,－,,,#ccc
名刺入れ,45,https://item.rakuten.co.jp/salonhana/cardcase1/,https://tshop.r10s.jp/salonhana/cabinet/cardcase1.jpg?_ex=200x200,False,,,,なし,－,,,#ccc
財布,1,https://item.rakuten.co.jp/morevalue/t19/,https://tshop.r10s.jp/morevalue/cabinet/rt19/rt19b_01_02r.jpg?_ex=200x200,True,【楽天市場】＼8/11 1:59までクーポンで500円OFF／【ラシエム公式】 財布 レディース ミニ財布 本革 ミニ カードケース カード入れ 大容量 ゴールド ファスナー ミニウォレット コンパクト コインケース 二つ折り じゃばら 小銭入れ お札が折れない カード収納 ブランド : LASIEM（ラシエム）,,https://review.rakuten.co.jp/item/1/366493_10000243/1.1/?l-id=item_SP_SeeItemReview_top,使いやすい 割引 軽い リピ 雑,SNS型,"SNSキーワードあり | レビューKW: 使いやすい,割引,軽い,リピ,雑",2026-08-09_財布_rank1.jpg,#e1306c
財布,2,https://item.rakuten.co.jp/morevalue/st5/,https://tshop.r10s.jp/morevalue/cabinet/11008152/st5_01_04i.jpg?_ex=200x200,True,【楽天市場】＼8/11 1:59までクーポンで500円OFF／【LASIEMオリジナル】財布 ミニ財布 レディース ミニ 本革 カードケース ベルト付きじゃばらミニ財布 カード入れ ミニウォレット コンパクト コインケース 二つ折り じゃばら 小銭入れ お札が折れない 収納 プレゼント : LASIEM（ラシエム）,,https://review.rakuten.co.jp/item/1/366493_10000443/1.1/?l-id=item_SP_SeeItemReview_top,使いやすい 割引 リピ 雑 到着,SNS型,"SNSキーワードあり | レビューKW: 使いやすい,割引,リピ,雑,到着",2026-08-09_財布_rank2.jpg,#e1306c
財布,3,https://item.rakuten.co.jp/style-on-bag/lz-615/,https://tshop.r10s.jp/style-on-bag/cabinet/th/lz-615_2607.jpg?_ex=200x200,True,【楽天市場】＼20%OFFクーポン＆累計8万個突破／財布 レディース 本革 二つ折り財布 札 小銭 同じ向き LIZDAYS リズデイズ コンパクト さいふ カードケース 小銭入れ 革 ミニサイズ バイカラー タッセル ギフト プレゼント L字ファスナー おしゃれ スタイルオンバッグ 母の日 : スタイルオンバッグ,,https://review.rakuten.co.jp/item/1/304143_10002501/1.1/?l-id=item_SP_SeeItemReview_top,使いやすい リピ 雑 到着 おしゃれ,SNS型,"SNSキーワードあり | レビューKW: 使いやすい,リピ,雑,到着,おしゃれ",2026-08-09_財布_rank3.jpg,#e1306c
財布,4,https://item.rakuten.co.jp/rareleak/gl-ms-124/,https://tshop.r10s.jp/rareleak/cabinet/wallet/05019230/gl-ms-124_sam_r01.jpg?_ex=200x200,True,"【楽天市場】＼クーポン利用で2,140円／レビュー1.1万件超：楽天１位！ミニ財布 本革 お札が折れない カードケース レディース メンズ 財布 大容量 スキミング防止 レザー 牛革 じゃばら クレジットカード 磁気防止 小銭入れ 最強開運日 カード入れ : レアリーク",,https://review.rakuten.co.jp/item/1/315363_10004456/1.1/?l-id=item_SP_SeeItemReview_top,使いやすい 軽い リピ 雑 到着,SNS型,"SNSキーワードあり | レビューKW: 使いやすい,軽い,リピ,雑,到着",2026-08-09_財布_rank4.jpg,#e1306c
財布,5,https://item.rakuten.co.jp/morevalue/m3/,https://tshop.r10s.jp/morevalue/cabinet/m3/m3_01_02.jpg?_ex=200x200,True,【楽天市場】＼8/11 1:59までクーポンで1000円OFF／＼新色登場／財布 レディース 長財布 小さめ 小さい長財布 短い長財布 本革 コンパクト 薄い 薄型 L字ファスナー スキミング防止 ミドルウォレット バイカラー お洒落 カードケース カード入れ プレゼント ギフト 薄い財布 : LASIEM（ラシエム）,,https://review.rakuten.co.jp/item/1/366493_10000415/1.1/?l-id=item_SP_SeeItemReview_top,使いやすい 割引 軽い リピ 雑,SNS型,"SNSキーワードあり | レビューKW: 使いやすい,割引,軽い,リピ,雑",2026-08-09_財布_rank5.jpg,#e1306c
財布,6,https://item.rakuten.co.jp/annekor/ads_016/,https://tshop.r10s.jp/annekor/cabinet/08675219/ads_016/016_top.jpg?_ex=200x200,False,,,,なし,－,,,#ccc
財布,7,https://item.rakuten.co.jp/eunicedress/kc-12/,https://tshop.r10s.jp/eunicedress/cabinet/item8/kc-12r2.jpg?_ex=200x200,False,,,,なし,－,,,#ccc
財布,8,https://item.rakuten.co.jp/auc-risecreation/s0073/,https://tshop.r10s.jp/auc-risecreation/cabinet/product/top-2/s0073_top_pink_a_2.jpg?_ex=200x200,False,,,,なし,－,,,#ccc
財布,9,https://item.rakuten.co.jp/grav-online/grv0300101/,https://tshop.r10s.jp/grav-online/cabinet/event/lwl2bic_mara20off.jpg?_ex=200x200,False,,,,なし,－,,,#ccc
財布,10,https://item.rakuten.co.jp/allrightleather/waa7412/,https://tshop.r10s.jp/allrightleather/cabinet/kihon4/waa74121.jpg?_ex=200x200,False,,,,なし,－,,,#ccc
財布,11,https://item.rakuten.co.jp/style-on-bag/lz-66115/,https://tshop.r10s.jp/style-on-bag/cabinet/th/lz-66115_2607.jpg?_ex=200x200,False,,,,なし,－,,,#ccc
財布,12,https://item.rakuten.co.jp/woodwest/compact-wallet/,https://tshop.r10s.jp/woodwest/cabinet/1a/thumb/1a_01f_11_15.jpg?_ex=200x200,False,,,,なし,－,,,#ccc
財布,13,https://item.rakuten.co.jp/woodwest/fold-wallet/,https://tshop.r10s.jp/woodwest/cabinet/fold-wallet/thumb/fold-wallet15_15.jpg?_ex=200x200,False,,,,なし,－,,,#ccc
財布,14,https://item.rakuten.co.jp/grav-online/grv0400101/,https://tshop.r10s.jp/grav-online/cabinet/event/423_grv0400101mara20.jpg?_ex=200x200,False,,,,なし,－,,,#ccc
財布,15,https://item.rakuten.co.jp/morevalue/o5/,https://tshop.r10s.jp/morevalue/cabinet/11083730/o5_01_13c.jpg?_ex=200x200,False,,,,なし,－,,,#ccc
財布,16,https://item.rakuten.co.jp/kinoco/cs-17/,https://tshop.r10s.jp/kinoco/cabinet/item/cs-17/cs-17_flick-2601.jpg?_ex=200x200,False,,,,なし,－,,,#ccc
財布,17,https://item.rakuten.co.jp/asamu/qb-lmzd/,https://tshop.r10s.jp/asamu/cabinet/mainimg/2026nor/qb-lmzd-nor-0805.jpg?_ex=200x200,False,,,,なし,－,,,#ccc
財布,18,https://item.rakuten.co.jp/adkabos/double-wallet/,https://tshop.r10s.jp/adkabos/cabinet/double-wallet/double-wallet.jpg?_ex=200x200,False,,,,なし,－,,,#ccc
財布,19,https://item.rakuten.co.jp/marieanne-8/x28268/,https://tshop.r10s.jp/marieanne-8/cabinet/02/x28268_10c.jpg?_ex=200x200,False,,,,なし,－,,,#ccc
財布,20,https://item.rakuten.co.jp/kinoco/wallet-9078-1/,https://tshop.r10s.jp/kinoco/cabinet/item/wallet-9078-1/flick/imgrc0110805130.jpg?_ex=200x200,False,,,,なし,－,,,#ccc
財布,21,https://item.rakuten.co.jp/asamu/qb-llns201/,https://tshop.r10s.jp/asamu/cabinet/mainimg/2026nor/qb-llns201-nor-13.jpg?_ex=200x200,False,,,,なし,－,,,#ccc
財布,22,https://item.rakuten.co.jp/wide/61298/,https://tshop.r10s.jp/wide/cabinet/guide/75564-800-r1.jpg?_ex=200x200,False,,,,なし,－,,,#ccc
財布,23,https://item.rakuten.co.jp/grav-online/grv1600101/,https://tshop.r10s.jp/grav-online/cabinet/event/grv1600101mara20.jpg?_ex=200x200,False,,,,なし,－,,,#ccc
財布,24,https://item.rakuten.co.jp/morevalue/m23/,https://tshop.r10s.jp/morevalue/cabinet/12305788/m23_01_02c.jpg?_ex=200x200,False,,,,なし,－,,,#ccc
財布,25,https://item.rakuten.co.jp/groovergrand/ggs-1027/,https://tshop.r10s.jp/groovergrand/cabinet/groovegear/ggs-1027-rankthum.jpg?_ex=200x200,False,,,,なし,－,,,#ccc
財布,26,https://item.rakuten.co.jp/kinoco/wallet-04/,https://tshop.r10s.jp/kinoco/cabinet/item/08456039/flick/wallet-04_flick-01-s.jpg?_ex=200x200,False,,,,なし,－,,,#ccc
財布,27,https://item.rakuten.co.jp/annekor/ads_042/,https://tshop.r10s.jp/annekor/cabinet/2024/ads_042/042_top.jpg?_ex=200x200,False,,,,なし,－,,,#ccc
財布,28,https://item.rakuten.co.jp/kinoco/wallet-09/,https://tshop.r10s.jp/kinoco/cabinet/item/wallet-09/wallet-09_flick-01-s.jpg?_ex=200x200,False,,,,なし,－,,,#ccc
財布,29,https://item.rakuten.co.jp/mimipet/wallet1/,https://tshop.r10s.jp/mimipet/cabinet/wallet1.jpg?_ex=200x200,False,,,,なし,－,,,#ccc
財布,30,https://item.rakuten.co.jp/morevalue/o11/,https://tshop.r10s.jp/morevalue/cabinet/11267440/o11_01_04.jpg?_ex=200x200,False,,,,なし,－,,,#ccc
財布,31,https://item.rakuten.co.jp/agnesb/ec5685/,https://tshop.r10s.jp/agnesb/cabinet/item/685/ec5685-01_1.jpg?_ex=200x200,False,,,,なし,－,,,#ccc
財布,32,https://item.rakuten.co.jp/kinoco/st-831w/,https://tshop.r10s.jp/kinoco/cabinet/item/08605730/st-831w_flick-2601.jpg?_ex=200x200,False,,,,なし,－,,,#ccc
財布,33,https://item.rakuten.co.jp/aoisora/wach-purs-940503/,https://tshop.r10s.jp/aoisora/cabinet/biiino/item/main-image-5/20240323183946_1.jpg?_ex=200x200,False,,,,なし,－,,,#ccc
財布,34,https://item.rakuten.co.jp/sacs-bar/tk1709019/,https://tshop.r10s.jp/sacs-bar/cabinet/tk8/tk1709019.jpg?_ex=200x200,False,,,,なし,－,,,#ccc
財布,35,https://item.rakuten.co.jp/groovergrand/bp-1091/,https://tshop.r10s.jp/groovergrand/cabinet/blanc/bp-1091-thum2509.jpg?_ex=200x200,False,,,,なし,－,,,#ccc
財布,36,https://item.rakuten.co.jp/legare-factory/chain-wallet/,https://tshop.r10s.jp/legare-factory/cabinet/shohin/chain-wallet/chain-wallet_01.jpg?_ex=200x200,False,,,,なし,－,,,#ccc
財布,37,https://item.rakuten.co.jp/groovergrand/ggs-1006/,https://tshop.r10s.jp/groovergrand/cabinet/groovegear/ggs-1006k.jpg?_ex=200x200,False,,,,なし,－,,,#ccc
財布,38,https://item.rakuten.co.jp/asamu/qb-cb/,https://tshop.r10s.jp/asamu/cabinet/mainimg/2026nor/qb-cb-nor-17.jpg?_ex=200x200,False,,,,なし,－,,,#ccc
財布,39,https://item.rakuten.co.jp/asamu/qb-lm-/,https://tshop.r10s.jp/asamu/cabinet/mainimg/2026nor/qb-lm-nor-0805.jpg?_ex=200x200,False,,,,なし,－,,,#ccc
財布,40,https://item.rakuten.co.jp/saifuland/bysw011000001/,https://tshop.r10s.jp/saifuland/cabinet/bysw011/bysw011000012_00.jpg?_ex=200x200,False,,,,なし,－,,,#ccc
財布,41,https://item.rakuten.co.jp/kinoco/st-819gm/,https://tshop.r10s.jp/kinoco/cabinet/item/st-819gm/st-819gm_flick-01-s.jpg?_ex=200x200,False,,,,なし,－,,,#ccc
財布,42,https://item.rakuten.co.jp/stylife/nv7173/,https://tshop.r10s.jp/stylife/cabinet/item/173/nv7173-02_1.jpg?_ex=200x200,False,,,,なし,－,,,#ccc
財布,43,https://item.rakuten.co.jp/stylife/pd3702/,https://tshop.r10s.jp/stylife/cabinet/item/702/pd3702-01_1.jpg?_ex=200x200,False,,,,なし,－,,,#ccc
財布,44,https://item.rakuten.co.jp/asamu/qb-lmll/,https://tshop.r10s.jp/asamu/cabinet/mainimg/2026nor/qb-lmll-nor-21.jpg?_ex=200x200,False,,,,なし,－,,,#ccc
財布,45,https://item.rakuten.co.jp/kroeus/qb-1/,https://tshop.r10s.jp/kroeus/cabinet/11358308/11358309/imgrc0188771469.jpg?_ex=200x200,False,,,,なし,－,,,#ccc
名刺入れ レディース,1,https://item.rakuten.co.jp/grav-online/grv0800301/,https://tshop.r10s.jp/grav-online/cabinet/event/grv0800301_newmara20.jpg?_ex=200x200,True,"【楽天市場】【20％OFFクーポン→2,001円〜！マラソン限定!】楽天1位★ 名刺入れ レディース 本革 名刺ケース カードケース シボ ビジネス 薄型 大容量 たくさん入る マチあり 50枚 可動式 仕切り付き マグネット シンプル おしゃれ バイカラー スリム 軽量 誕生日 就職祝い 転職祝い : バッグと財布の専門店GRAV Store",,https://review.rakuten.co.jp/item/1/425932_10000033/1.1/?l-id=item_SP_SeeItemReview_top,丁寧 コスパ 使いやすい プレゼント お得,SNS型,"SNSキーワードあり | レビューKW: 丁寧,コスパ,使いやすい,プレゼント,お得",2026-08-09_名刺入れ_レディース_rank1.jpg,#e1306c
名刺入れ レディース,2,https://item.rakuten.co.jp/exrevo/cc-72c/,https://tshop.r10s.jp/exrevo/cabinet/zakka/cc/2/cc-72c.jpg?_ex=200x200,True,【楽天市場】＼クーポン利用で1386円／ 名刺入れ レディース メンズ 薄型 カードケース じゃばら マチ 女性用 男性用 革調 名刺ケース 50枚 軽量 くすみ シンプル ポイントカード入れ クレジットカード レザー 無地 コンパクト【名入れ対象】 : エクレボ　楽天市場店,,https://review.rakuten.co.jp/item/1/278191_10001454/1.1/?l-id=item_SP_SeeItemReview_top,使いやすい 軽い リピ 雑 到着,SNS型,"SNSキーワードあり | レビューKW: 使いやすい,軽い,リピ,雑,到着",2026-08-09_名刺入れ_レディース_rank2.jpg,#e1306c
名刺入れ レディース,3,https://item.rakuten.co.jp/alivelive/meishi493-2/,https://tshop.r10s.jp/alivelive/cabinet/07577257/honkawaka-doke-su/meishi493_001n.jpg?_ex=200x200,True,【楽天市場】【26h限定8%OFFクーポン配布！】名刺入れ レディース 名刺ケース カードケース 女性用 大容量 送料無料 黒 ベージュ ブルー グレー クレジットカード メンズ 名刺 IC おしゃれ 社会人 就職祝い プレゼント : OLVINA（オルヴィナ）,,https://review.rakuten.co.jp/item/1/384795_10000219/1.1/?l-id=item_SP_SeeItemReview_top,丁寧 使いやすい プレゼント シンプル サイズ感,シンプル,"短尺 (シンプル) | レビューKW: 丁寧,使いやすい,プレゼント,シンプル,サイズ感",2026-08-09_名刺入れ_レディース_rank3.jpg,#555
名刺入れ レディース,4,https://item.rakuten.co.jp/annekor/ads_033/,https://tshop.r10s.jp/annekor/cabinet/09663183/09748255/imgrc0095174586.jpg?_ex=200x200,True,【楽天市場】＼マラソン限定クーポン！／ 名刺入れ 【楽天1位240冠★高評価4.70】本革 ホールド機能 仕切り 女性用 レディース ユニセックス 50枚収納 大容量 薄型 マチあり 名刺ケース マグネット カードケース ビジネス シンプル おしゃれ バイカラー スリム プレゼント ギフト : こだわりバッグ 雑貨 Annekor,,https://review.rakuten.co.jp/item/1/404070_10000079/1.1/?l-id=item_SP_SeeItemReview_top,使いやすい 軽い リピ 雑 おしゃれ,SNS型,"SNSキーワードあり | レビューKW: 使いやすい,軽い,リピ,雑,おしゃれ",2026-08-09_名刺入れ_レディース_rank4.jpg,#e1306c
名刺入れ レディース,5,https://item.rakuten.co.jp/exrevo/cc-13/,https://tshop.r10s.jp/exrevo/cabinet/zakka/cc/2/cc-13.jpg?_ex=200x200,True,【楽天市場】＼クーポン利用で800円／ 名刺入れ レディース メンズ 薄型 女性用 男性用 革調 カードケース 名刺ケース 20枚 軽量 シンプル ポイントカード入れ クレジットカード レザー 無地 コンパクト 1000円ポッキリ 送料無料【名入れ対象】 : エクレボ　楽天市場店,,https://review.rakuten.co.jp/item/1/278191_10000734/1.1/?l-id=item_SP_SeeItemReview_top,丁寧 使いやすい プレゼント シンプル サイズ感,SNS型,"SNSキーワードあり | レビューKW: 丁寧,使いやすい,プレゼント,シンプル,サイズ感",2026-08-09_名刺入れ_レディース_rank5.jpg,#e1306c
名刺入れ レディース,6,https://item.rakuten.co.jp/bestselectmart/se-bag-1092/,https://tshop.r10s.jp/bestselectmart/cabinet/bag/bag_109/bag-1092_00.jpg?_ex=200x200,False,,,,なし,－,,,#ccc
名刺入れ レディース,7,https://item.rakuten.co.jp/blue-sincere/auxilia/,https://tshop.r10s.jp/blue-sincere/cabinet/05982661/passcase/lm2/imgrc0104448408.jpg?_ex=200x200,False,,,,なし,－,,,#ccc
名刺入れ レディース,8,https://item.rakuten.co.jp/dogtag/fc-card-lm/,https://tshop.r10s.jp/dogtag/cabinet/naire/wt_m/cr0348-sg-ba-m01.jpg?_ex=200x200,False,,,,なし,－,,,#ccc
名刺入れ レディース,9,https://item.rakuten.co.jp/doodeka/yb-028/,https://tshop.r10s.jp/doodeka/cabinet/06164962/10838504/imgrc0107738320.jpg?_ex=200x200,False,,,,なし,－,,,#ccc
名刺入れ レディース,10,https://item.rakuten.co.jp/goodgoods-center/meisiire/,https://tshop.r10s.jp/goodgoods-center/cabinet/compass1680970859.jpg?_ex=200x200,False,,,,なし,－,,,#ccc
名刺入れ レディース,11,https://item.rakuten.co.jp/tutumimono/bch-sam/,https://tshop.r10s.jp/tutumimono/cabinet/bch/bch-sam-top4.jpg?_ex=200x200,False,,,,なし,－,,,#ccc
名刺入れ レディース,12,https://item.rakuten.co.jp/lumeland/se-bag-1073/,https://tshop.r10s.jp/lumeland/cabinet/bag/bag_107/bag-1073_00.jpg?_ex=200x200,False,,,,なし,－,,,#ccc
名刺入れ レディース,13,https://item.rakuten.co.jp/selectshop-one/dd521/,https://tshop.r10s.jp/selectshop-one/cabinet/rank/dd521_rank.jpg?_ex=200x200,False,,,,なし,－,,,#ccc
名刺入れ レディース,14,https://item.rakuten.co.jp/stylife/gp8779/,https://tshop.r10s.jp/stylife/cabinet/item/779/gp8779-01_1.jpg?_ex=200x200,False,,,,なし,－,,,#ccc
名刺入れ レディース,15,https://item.rakuten.co.jp/henrysproducts/msi/,https://tshop.r10s.jp/henrysproducts/cabinet/11775000/imgrc0111460104.jpg?_ex=200x200,False,,,,なし,－,,,#ccc
名刺入れ レディース,16,https://item.rakuten.co.jp/oobikiyaking/10643/,https://tshop.r10s.jp/oobikiyaking/cabinet/ir13/10643_01_r_f.jpg?_ex=200x200,False,,,,なし,－,,,#ccc
名刺入れ レディース,17,https://item.rakuten.co.jp/shuncorp/mh-052/,https://tshop.r10s.jp/shuncorp/cabinet/05939335/05968856/mh-052-0.jpg?_ex=200x200,False,,,,なし,－,,,#ccc
名刺入れ レディース,18,https://item.rakuten.co.jp/fk-store/a0199/,https://tshop.r10s.jp/fk-store/cabinet/08640188/11177025/a0199-0a.jpg?_ex=200x200,False,,,,なし,－,,,#ccc
名刺入れ レディース,19,https://item.rakuten.co.jp/exrevo-2/cc-13/,https://tshop.r10s.jp/exrevo-2/cabinet/zakka/cc/2/cc-13_0.jpg?_ex=200x200,False,,,,なし,－,,,#ccc
名刺入れ レディース,20,https://item.rakuten.co.jp/sacs-bar/480114/,https://tshop.r10s.jp/sacs-bar/cabinet/lanvin5/480114.jpg?_ex=200x200,False,,,,なし,－,,,#ccc
名刺入れ レディース,21,https://item.rakuten.co.jp/stylife/nr2196/,https://tshop.r10s.jp/stylife/cabinet/item/196/nr2196-01_1.jpg?_ex=200x200,False,,,,なし,－,,,#ccc
名刺入れ レディース,22,https://item.rakuten.co.jp/plussmile/urs346/,https://tshop.r10s.jp/plussmile/cabinet/biiino/item/main-image-5/20250822154250_1.jpg?_ex=200x200,False,,,,なし,－,,,#ccc
名刺入れ レディース,23,https://item.rakuten.co.jp/instyleplans/msir2/,https://tshop.r10s.jp/instyleplans/cabinet/09846162/09966646/compass1685466352.jpg?_ex=200x200,False,,,,なし,－,,,#ccc
名刺入れ レディース,24,https://item.rakuten.co.jp/thebagmania/jslw3am1/,https://tshop.r10s.jp/thebagmania/cabinet/ladies/js/jslw3am1/jslw3am1_main.jpg?_ex=200x200,False,,,,なし,－,,,#ccc
名刺入れ レディース,25,https://item.rakuten.co.jp/grav-online/grv0800302/,https://tshop.r10s.jp/grav-online/cabinet/event/grv0800302_mara20.jpg?_ex=200x200,False,,,,なし,－,,,#ccc
名刺入れ レディース,26,https://item.rakuten.co.jp/groovergrand/bp-2011/,https://tshop.r10s.jp/groovergrand/cabinet/blancpomme/bp-2011_2303.jpg?_ex=200x200,False,,,,なし,－,,,#ccc
名刺入れ レディース,27,https://item.rakuten.co.jp/sugarltd/ung-51780/,https://tshop.r10s.jp/sugarltd/cabinet/2010/ung-51780_e.jpg?_ex=200x200,False,,,,なし,－,,,#ccc
名刺入れ レディース,28,https://item.rakuten.co.jp/futurebox/fb-bag-1092/,https://tshop.r10s.jp/futurebox/cabinet/bag/bag_109/bag-1092_00.jpg?_ex=200x200,False,,,,なし,－,,,#ccc
名刺入れ レディース,29,https://item.rakuten.co.jp/dogtag/pu2t_card/,https://tshop.r10s.jp/dogtag/cabinet/naire/wt_m/cr0272-sg-ba-m01.jpg?_ex=200x200,False,,,,なし,－,,,#ccc
名刺入れ レディース,30,https://item.rakuten.co.jp/moon-x-shop/7083365597369/,https://tshop.r10s.jp/moon-x-shop/cabinet/09998535/roffal/11744153/imgrc0111138487.jpg?_ex=200x200,False,,,,なし,－,,,#ccc
名刺入れ レディース,31,https://item.rakuten.co.jp/northpath/10000004/,https://tshop.r10s.jp/northpath/cabinet/11432841/001.jpg?_ex=200x200,False,,,,なし,－,,,#ccc
名刺入れ レディース,32,https://item.rakuten.co.jp/esuon/3100001/,https://tshop.r10s.jp/esuon/cabinet/2019/12/3/3100001_0.jpg?_ex=200x200,False,,,,なし,－,,,#ccc
名刺入れ レディース,33,https://item.rakuten.co.jp/rickers/b07ppzvd9p/,https://tshop.r10s.jp/rickers/cabinet/shohin/namecardcase/001.jpg?_ex=200x200,False,,,,なし,－,,,#ccc
名刺入れ レディース,34,https://item.rakuten.co.jp/morevalue/n-ak4/,https://tshop.r10s.jp/morevalue/cabinet/08877960/n-ak4_1-5r.jpg?_ex=200x200,False,,,,なし,－,,,#ccc
名刺入れ レディース,35,https://item.rakuten.co.jp/annekor22/ads_033/,https://tshop.r10s.jp/annekor22/cabinet/ads033/ads033_top.jpg?_ex=200x200,False,,,,なし,－,,,#ccc
名刺入れ レディース,36,https://item.rakuten.co.jp/purelifeshop/fb-bag-1092/,https://tshop.r10s.jp/purelifeshop/cabinet/bag/bag_109/bag-1092_00.jpg?_ex=200x200,False,,,,なし,－,,,#ccc
名刺入れ レディース,37,https://item.rakuten.co.jp/kizamu/meishi-019/,https://tshop.r10s.jp/kizamu/cabinet/12257669/imgrc0122923531.jpg?_ex=200x200,False,,,,なし,－,,,#ccc
名刺入れ レディース,38,https://item.rakuten.co.jp/glencheck/43900005/,https://tshop.r10s.jp/glencheck/cabinet/shohin27/1491thum01.jpg?_ex=200x200,False,,,,なし,－,,,#ccc
名刺入れ レディース,39,https://item.rakuten.co.jp/groovergrand/bp-2018/,https://tshop.r10s.jp/groovergrand/cabinet/blanc/bp-2018-thum-rank.jpg?_ex=200x200,False,,,,なし,－,,,#ccc
名刺入れ レディース,40,https://item.rakuten.co.jp/bestselectmart/se-bag-1073/,https://tshop.r10s.jp/bestselectmart/cabinet/bag/bag_107/bag-1073_00.jpg?_ex=200x200,False,,,,なし,－,,,#ccc
名刺入れ レディース,41,https://item.rakuten.co.jp/sionworks/slidethumb30/,https://tshop.r10s.jp/sionworks/cabinet/slidethumb30/topranking-100.jpg?_ex=200x200,False,,,,なし,－,,,#ccc
名刺入れ レディース,42,https://item.rakuten.co.jp/morevalue/o34/,https://tshop.r10s.jp/morevalue/cabinet/12840402/o34_01_01_02.jpg?_ex=200x200,False,,,,なし,－,,,#ccc
名刺入れ レディース,43,https://item.rakuten.co.jp/ray-g-cast/10000134/,https://tshop.r10s.jp/ray-g-cast/cabinet/ilbisonte-cardcase/411620-s.jpg?_ex=200x200,False,,,,なし,－,,,#ccc
名刺入れ レディース,44,https://item.rakuten.co.jp/freespirits/meishiire00485/,https://tshop.r10s.jp/freespirits/cabinet/main-thumnail/meishiire00485-01-r.jpg?_ex=200x200,False,,,,なし,－,,,#ccc
名刺入れ レディース,45,https://item.rakuten.co.jp/luluhope/gs-bag-1073/,https://tshop.r10s.jp/luluhope/cabinet/bag/bag_107/bag-1073_00.jpg?_ex=200x200,False,,,,なし,－,,,#ccc
長財布 レディース,1,https://s-evt.rmp.rakuten.co.jp/eclk,https://s-cdn.rmp.rakuten.co.jp/runa/42317/d33e8829-5d81-4562-ad72-278e99c692d7.jpeg?_ex=200x200,True,eclk (1×1),,,なし,シンプル,短尺 (シンプル),2026-08-09_長財布_レディース_rank1.jpg,#555
長財布 レディース,2,https://item.rakuten.co.jp/style-on-bag/lz-606/,https://tshop.r10s.jp/style-on-bag/cabinet/th/lz-606.jpg?_ex=200x200,True,【楽天市場】＼14%OFFクーポン／【映画・ドラマ使用】長財布 レディース 本革 ラウンドファスナー スキミング防止 リズデイズ 財布 長サイフ 牛革 大容量 メンズ 多収納 シンプル 小銭入れ 2室 L字ファスナー ウォレット なが財布 本革長財布 かわいい おしゃれ liz06 : スタイルオンバッグ,,https://review.rakuten.co.jp/item/1/304143_10002425/1.1/?l-id=item_SP_SeeItemReview_top,使いやすい 割引 リピ 雑 到着,SNS型,"SNSキーワードあり | レビューKW: 使いやすい,割引,リピ,雑,到着",2026-08-09_長財布_レディース_rank2.jpg,#e1306c
長財布 レディース,3,https://item.rakuten.co.jp/style-on-bag/lz-66115/,https://tshop.r10s.jp/style-on-bag/cabinet/th/lz-66115_2607.jpg?_ex=200x200,True,【楽天市場】＼30%OFFクーポン／【映画・ドラマ使用】＼楽天1位／財布 レディース 長財布 短い 薄い l字ファスナー 本革 小さい 財布 軽量 ラウンドファスナー 大容量 ブランド おしゃれ かわいい 大人 カード入れ コンパクト スリム LIZDAYS リズデイズ スタイルオンバッグ : スタイルオンバッグ,,https://review.rakuten.co.jp/item/1/304143_10003430/1.1/?l-id=item_SP_SeeItemReview_top,使いやすい 軽い リピ 雑 到着,SNS型,"SNSキーワードあり | レビューKW: 使いやすい,軽い,リピ,雑,到着",2026-08-09_長財布_レディース_rank3.jpg,#e1306c
長財布 レディース,4,https://item.rakuten.co.jp/grav-online/grv0300101/,https://tshop.r10s.jp/grav-online/cabinet/event/lwl2bic_mara20off.jpg?_ex=200x200,True,"【楽天市場】【20％OFFクーポン→2,788円〜！マラソン限定!】 楽天1位★ ＼雑誌掲載／長財布 レディース 本革 財布 大容量 革 薄い 薄型長財布 使いやすい 小銭入れ L字ファスナー スキミング防止 薄型 長財布 スリム プレゼント ギフト おしゃれ 軽量 : バッグと財布の専門店GRAV Store",,https://review.rakuten.co.jp/item/1/425932_10000001/1.1/?l-id=item_SP_SeeItemReview_top,使いやすい 軽い 雑 到着 おしゃれ,SNS型,"SNSキーワードあり | レビューKW: 使いやすい,軽い,雑,到着,おしゃれ",2026-08-09_長財布_レディース_rank4.jpg,#e1306c
長財布 レディース,5,https://item.rakuten.co.jp/marieanne-8/x28268/,https://tshop.r10s.jp/marieanne-8/cabinet/02/x28268_10c.jpg?_ex=200x200,True,【楽天市場】【 10%OFF 】高評価★4.5【 年間ランキング2年連続受賞 】長財布 レディース 高級トップレザー スキミング防止 母の日 財布 本革 レシートと小銭を自動で振り分け 上質牛革 カード18枚 通帳 ルピリーナ Lupilina (R) 公式【 お試し返品可能 】柊 : Marie Anne【公式】楽天市場店,,https://review.rakuten.co.jp/item/1/321231_10000538/1.1/?l-id=item_SP_SeeItemReview_top,使いやすい リピ 雑 到着 おしゃれ,SNS型,"SNSキーワードあり | レビューKW: 使いやすい,リピ,雑,到着,おしゃれ",2026-08-09_長財布_レディース_rank5.jpg,#e1306c
長財布 レディース,6,https://item.rakuten.co.jp/startfly/sfl0011/,https://tshop.r10s.jp/startfly/cabinet/biiino/item/main-image-2/20241210220418_1.jpg?_ex=200x200,False,,,,なし,－,,,#ccc
長財布 レディース,7,https://item.rakuten.co.jp/morevalue/o11/,https://tshop.r10s.jp/morevalue/cabinet/11267440/o11_01_04.jpg?_ex=200x200,False,,,,なし,－,,,#ccc
長財布 レディース,8,https://item.rakuten.co.jp/kinoco/cs-17/,https://tshop.r10s.jp/kinoco/cabinet/item/cs-17/cs-17_flick-2601.jpg?_ex=200x200,False,,,,なし,－,,,#ccc
長財布 レディース,9,https://item.rakuten.co.jp/allrightleather/waa7412/,https://tshop.r10s.jp/allrightleather/cabinet/kihon4/waa74121.jpg?_ex=200x200,False,,,,なし,－,,,#ccc
長財布 レディース,10,https://item.rakuten.co.jp/vidas-web/vi0495/,https://tshop.r10s.jp/vidas-web/cabinet/p20tmb_2608/vi0495p20_2608.jpg?_ex=200x200,False,,,,なし,－,,,#ccc
長財布 レディース,11,https://item.rakuten.co.jp/allrightleather/waa7357/,https://tshop.r10s.jp/allrightleather/cabinet/kihon2/waa73571.jpg?_ex=200x200,False,,,,なし,－,,,#ccc
長財布 レディース,12,https://item.rakuten.co.jp/allrightleather/waa7436/,https://tshop.r10s.jp/allrightleather/cabinet/kihon4/waa74361_b.jpg?_ex=200x200,False,,,,なし,－,,,#ccc
長財布 レディース,13,https://item.rakuten.co.jp/wide/61298/,https://tshop.r10s.jp/wide/cabinet/guide/75564-800-r1.jpg?_ex=200x200,False,,,,なし,－,,,#ccc
長財布 レディース,14,https://item.rakuten.co.jp/groovergrand/bp-1011/,https://tshop.r10s.jp/groovergrand/cabinet/blancpomme/08020888/bp-1011r.jpg?_ex=200x200,False,,,,なし,－,,,#ccc
長財布 レディース,15,https://item.rakuten.co.jp/cogit/042015/,https://tshop.r10s.jp/cogit/cabinet/page/095223_1029.jpg?_ex=200x200,False,,,,なし,－,,,#ccc
長財布 レディース,16,https://item.rakuten.co.jp/kinoco/st-831w/,https://tshop.r10s.jp/kinoco/cabinet/item/08605730/st-831w_flick-2601.jpg?_ex=200x200,False,,,,なし,－,,,#ccc
長財布 レディース,17,https://item.rakuten.co.jp/morevalue/fu2/,https://tshop.r10s.jp/morevalue/cabinet/12344306/st17_01_4c.jpg?_ex=200x200,False,,,,なし,－,,,#ccc
長財布 レディース,18,https://item.rakuten.co.jp/morevalue/m3/,https://tshop.r10s.jp/morevalue/cabinet/m3/m3_01_02.jpg?_ex=200x200,False,,,,なし,－,,,#ccc
長財布 レディース,19,https://item.rakuten.co.jp/thebagmania/jslw3at1/,https://tshop.r10s.jp/thebagmania/cabinet/ladies/js/jslw3at1/jslw3at1_main.jpg?_ex=200x200,False,,,,なし,－,,,#ccc
長財布 レディース,20,https://item.rakuten.co.jp/rugged-market/chcmhm001/,https://tshop.r10s.jp/rugged-market/cabinet/cham/cmhm001.jpg?_ex=200x200,False,,,,なし,－,,,#ccc
長財布 レディース,21,https://item.rakuten.co.jp/lumie/48768/,https://tshop.r10s.jp/lumie/cabinet/12526380/48768.jpg?_ex=200x200,False,,,,なし,－,,,#ccc
長財布 レディース,22,https://item.rakuten.co.jp/to-ail/zip-to005/,https://tshop.r10s.jp/to-ail/cabinet/lwt/zip-to005-1b.jpg?_ex=200x200,False,,,,なし,－,,,#ccc
長財布 レディース,23,https://item.rakuten.co.jp/sacs-bar/480119/,https://tshop.r10s.jp/sacs-bar/cabinet/lanvin5/480119.jpg?_ex=200x200,False,,,,なし,－,,,#ccc
長財布 レディース,24,https://item.rakuten.co.jp/nicleaf/pcwl8888d/,https://tshop.r10s.jp/nicleaf/cabinet/11971762/pcwl8888d/coincardcase5.jpg?_ex=200x200,False,,,,なし,－,,,#ccc
長財布 レディース,25,https://item.rakuten.co.jp/style-on-bag/lz-65111/,https://tshop.r10s.jp/style-on-bag/cabinet/th/lz-65111_2511.jpg?_ex=200x200,False,,,,なし,－,,,#ccc
長財布 レディース,26,https://item.rakuten.co.jp/ravissant-online-shop/mg-gw001/,https://tshop.r10s.jp/ravissant-online-shop/cabinet/10634024/11921550/imgrc0097519825.jpg?_ex=200x200,False,,,,なし,－,,,#ccc
長財布 レディース,27,https://item.rakuten.co.jp/stone-ail/zip-to001/,https://tshop.r10s.jp/stone-ail/cabinet/zip/zip-to001-1a.jpg?_ex=200x200,False,,,,なし,－,,,#ccc
長財布 レディース,28,https://item.rakuten.co.jp/sacs-bar/480112/,https://tshop.r10s.jp/sacs-bar/cabinet/lanvin5_w/480112_sb_model.jpg?_ex=200x200,False,,,,なし,－,,,#ccc
長財布 レディース,29,https://item.rakuten.co.jp/blue-sincere/slim-wallet5/,https://tshop.r10s.jp/blue-sincere/cabinet/05982661/longwallet/09499006/sw5_samune3.jpg?_ex=200x200,False,,,,なし,－,,,#ccc
長財布 レディース,30,https://item.rakuten.co.jp/sacs-bar/cla-185430/,https://tshop.r10s.jp/sacs-bar/cabinet/ef/cla-185430.jpg?_ex=200x200,False,,,,なし,－,,,#ccc
長財布 レディース,31,https://item.rakuten.co.jp/akuse-one/sai273-sai291-b/,https://tshop.r10s.jp/akuse-one/cabinet/10305709/sai273-240115-smn.jpg?_ex=200x200,False,,,,なし,－,,,#ccc
長財布 レディース,32,https://item.rakuten.co.jp/likeyou/lz-606/,https://tshop.r10s.jp/likeyou/cabinet/face/lz-606_2507face.jpg?_ex=200x200,False,,,,なし,－,,,#ccc
長財布 レディース,33,https://item.rakuten.co.jp/kinoco/cs-08/,https://tshop.r10s.jp/kinoco/cabinet/item/cs-08/cs-08_fl-01.jpg?_ex=200x200,False,,,,なし,－,,,#ccc
長財布 レディース,34,https://item.rakuten.co.jp/lumie/55215/,https://tshop.r10s.jp/lumie/cabinet/12526380/55215-1a.jpg?_ex=200x200,False,,,,なし,－,,,#ccc
長財布 レディース,35,https://item.rakuten.co.jp/sacs-bar/ccm-74699/,https://tshop.r10s.jp/sacs-bar/cabinet/cmc/ccm-74699.jpg?_ex=200x200,False,,,,なし,－,,,#ccc
長財布 レディース,36,https://item.rakuten.co.jp/sentire/lujan_92523/,https://tshop.r10s.jp/sentire/cabinet/i_lujan01/92523-mobile01.jpg?_ex=200x200,False,,,,なし,－,,,#ccc
長財布 レディース,37,https://item.rakuten.co.jp/groovergrand/bp-1067/,https://tshop.r10s.jp/groovergrand/cabinet/blancpomme/bp-1067_rank.jpg?_ex=200x200,False,,,,なし,－,,,#ccc
長財布 レディース,38,https://item.rakuten.co.jp/qite-queenbag/1100068/,https://tshop.r10s.jp/qite-queenbag/cabinet/qite/cd-wallet/compass1710287395.jpg?_ex=200x200,False,,,,なし,－,,,#ccc
長財布 レディース,39,https://item.rakuten.co.jp/allrightleather/waa7118/,https://tshop.r10s.jp/allrightleather/cabinet/waa71181.jpg?_ex=200x200,False,,,,なし,－,,,#ccc
長財布 レディース,40,https://item.rakuten.co.jp/legare-factory/receipt-longwallet/,https://tshop.r10s.jp/legare-factory/cabinet/shohin/receipt/receipt-long_01.jpg?_ex=200x200,False,,,,なし,－,,,#ccc
長財布 レディース,41,https://item.rakuten.co.jp/and-bonheur/andbonheur/,https://tshop.r10s.jp/and-bonheur/cabinet/imgrc0117742009.jpg?_ex=200x200,False,,,,なし,－,,,#ccc
長財布 レディース,42,https://item.rakuten.co.jp/eunicedress/kn-04/,https://tshop.r10s.jp/eunicedress/cabinet/item3/kn-04r.jpg?_ex=200x200,False,,,,なし,－,,,#ccc
長財布 レディース,43,https://item.rakuten.co.jp/e-mono-online-shop/la-301/,https://tshop.r10s.jp/e-mono-online-shop/cabinet/items/e-mono2/la-301_img01.jpg?_ex=200x200,False,,,,なし,－,,,#ccc
長財布 レディース,44,https://item.rakuten.co.jp/clelia/clelia-15610/,https://tshop.r10s.jp/clelia/cabinet/10572087/cl-15610-day10.jpg?_ex=200x200,False,,,,なし,－,,,#ccc
長財布 レディース,45,https://item.rakuten.co.jp/sentire/dakota_0036442/,https://tshop.r10s.jp/sentire/cabinet/itemimg159/0036442-mobile01.jpg?_ex=200x200,False,,,,なし,－,,,#ccc
長財布 レディース,46,https://item.rakuten.co.jp/blue-sincere/nova/,https://tshop.r10s.jp/blue-sincere/cabinet/05982661/longwallet/sw6/sw6_1a.jpg?_ex=200x200,False,,,,なし,－,,,#ccc
ショルダーバッグ メンズ,1,https://item.rakuten.co.jp/life-glad/shobg001/,https://tshop.r10s.jp/life-glad/cabinet/compass1738139137.jpg?_ex=200x200,True,【楽天市場】＼マラソン限定！P2倍＋最大15％クーポン／ ショルダーバッグ メンズ 小さめ メッセンジャーバッグ 斜めがけ レディース 大きめ かっこいい サコッシュ バッグ 肩掛け 撥水 ポケット多い ボディバッグ カジュアル 軽量 無地 ロゴ無し カバン ショルダーバック : LifeGlad,,https://review.rakuten.co.jp/item/1/425292_10000041/1.1/?l-id=item_SP_SeeItemReview_top,丁寧 小さい 使いやすい プレゼント コスパ,シンプル,"短尺 (シンプル) | レビューKW: 丁寧,小さい,使いやすい,プレゼント,コスパ",2026-08-09_ショルダーバッグ_メンズ_rank1.jpg,#555
ショルダーバッグ メンズ,2,https://item.rakuten.co.jp/blue-sincere/shoulderbag1/,https://tshop.r10s.jp/blue-sincere/cabinet/05982661/bag/shb1/imgrc0108087002.jpg?_ex=200x200,True,【楽天市場】【9年連続☆No.1 / 王道メンズ鞄】 超軽量 ショルダーバッグ ナイロン 8ポケット 撥水 スキミング 防止 軽い 斜めがけ バッグ サコッシュ ウエストバッグ メンズ レディース 小型 収納 ボディバッグ 人気 カバン ブランド アウトドア 旅行 散歩 トラベル ビジネス / SHB1 : BLUE SINCERE（ブルーシンシア）,,https://review.rakuten.co.jp/item/1/349741_10000023/1.1/?l-id=item_SP_SeeItemReview_top,使いやすい 軽い リピ 雑 到着,SNS型,"SNSキーワードあり | レビューKW: 使いやすい,軽い,リピ,雑,到着",2026-08-09_ショルダーバッグ_メンズ_rank2.jpg,#e1306c
ショルダーバッグ メンズ,3,https://item.rakuten.co.jp/auc-superfrog/10012811/,https://tshop.r10s.jp/auc-superfrog/cabinet/main04/ca-bag-409-m.jpg?_ex=200x200,True,【楽天市場】anello GRANDE アネログランデ ショルダーバッグ メンズ 斜めがけ かっこいい おしゃれ 軽量/ GTM0172 CABIN キャビン 撥水 /ミニショルダーバッグ 斜めがけバッグ 斜め掛けバッグ シンプル 軽い オシャレ 大人 ポケット 多い ナイロン アネロ グランデ ブランド バッグ/ : SUPERFROG（スーパーフロッグ）,,https://review.rakuten.co.jp/item/1/247373_10012811/1.1/?l-id=item_SP_SeeItemReview_top,丁寧 小さい 使いやすい プレゼント シンプル,シンプル,"短尺 (シンプル) | レビューKW: 丁寧,小さい,使いやすい,プレゼント,シンプル",2026-08-09_ショルダーバッグ_メンズ_rank3.jpg,#555
ショルダーバッグ メンズ,4,https://item.rakuten.co.jp/blue-sincere/smaless/,https://tshop.r10s.jp/blue-sincere/cabinet/05982661/bag/shb11m/shb11mini_2f.jpg?_ex=200x200,True,【楽天市場】【地上波テレビで紹介 / 累計3万個突破】軽量 ボディバッグ 8ポケット ナイロン スキミング防止 撥水 ミニ 大容量 メンズ レディース サコッシュ 軽い RFID 斜めがけ カジュアル シンプル 肩掛け ショルダーバッグ 定番 鞄 磁気 防止 ショルダーバック ブランド / SHB11 : BLUE SINCERE（ブルーシンシア）,,https://review.rakuten.co.jp/item/1/349741_10000426/1.1/?l-id=item_SP_SeeItemReview_top,丁寧 小さい 使いやすい プレゼント コスパ,SNS型,"SNSキーワードあり | レビューKW: 丁寧,小さい,使いやすい,プレゼント,コスパ",2026-08-09_ショルダーバッグ_メンズ_rank4.jpg,#e1306c
ショルダーバッグ メンズ,5,https://item.rakuten.co.jp/jinshop/sacoche/,https://tshop.r10s.jp/jinshop/cabinet/bemovita/sacoche/sum_1re.jpg?_ex=200x200,True,【楽天市場】【収納力 × コンパクト】サコッシュ メンズ ショルダーバッグ 軽量 斜め掛け 肩掛け ボディバッグ 大容量 合成皮革 撥水 ミニバッグ ビジネス 自転車 休日 大人カジュアル モード ストリート ギフト プレゼント 小さめ バッグ おしゃれ カジュアル 旅行 高見え サブバッグ : BEMOVITA 楽天市場店,,https://review.rakuten.co.jp/item/1/374567_10000086/1.1/?l-id=item_SP_SeeItemReview_top,使いやすい 軽い 雑 到着 おしゃれ,SNS型,"SNSキーワードあり | レビューKW: 使いやすい,軽い,雑,到着,おしゃれ",2026-08-09_ショルダーバッグ_メンズ_rank5.jpg,#e1306c
ショルダーバッグ メンズ,6,https://item.rakuten.co.jp/ponpontei/05oct23nxkb02/,https://tshop.r10s.jp/ponpontei/cabinet/lib_img/05oct23nxkb/05oct23nxkb02.jpg?_ex=200x200,False,,,,なし,－,,,#ccc
ショルダーバッグ メンズ,7,https://item.rakuten.co.jp/ponpontei/05oct23nxkb04a/,https://tshop.r10s.jp/ponpontei/cabinet/09908051/05oct23nxkb04a.jpg?_ex=200x200,False,,,,なし,－,,,#ccc
ショルダーバッグ メンズ,8,https://item.rakuten.co.jp/grav-online/grvmsb0010/,https://tshop.r10s.jp/grav-online/cabinet/event/grvmsb0010_mai20off2.jpg?_ex=200x200,False,,,,なし,－,,,#ccc
ショルダーバッグ メンズ,9,https://item.rakuten.co.jp/eririya/ba58/,https://tshop.r10s.jp/eririya/cabinet/ba/51-100/58-00.jpg?_ex=200x200,False,,,,なし,－,,,#ccc
ショルダーバッグ メンズ,10,https://item.rakuten.co.jp/galleria/col0005/,https://tshop.r10s.jp/galleria/cabinet/202506_3/col0005.jpg?_ex=200x200,False,,,,なし,－,,,#ccc
ショルダーバッグ メンズ,11,https://item.rakuten.co.jp/galleria/col00086/,https://tshop.r10s.jp/galleria/cabinet/202602_5/col00086.jpg?_ex=200x200,False,,,,なし,－,,,#ccc
ショルダーバッグ メンズ,12,https://item.rakuten.co.jp/kaban-aiwa/ro-pu8363/,https://tshop.r10s.jp/kaban-aiwa/cabinet/loward5/pu8814_01m.jpg?_ex=200x200,False,,,,なし,－,,,#ccc
ショルダーバッグ メンズ,13,https://item.rakuten.co.jp/hype/7988044/,https://tshop.r10s.jp/hype/cabinet/sgazo45/7988044_1.jpg?_ex=200x200,False,,,,なし,－,,,#ccc
ショルダーバッグ メンズ,14,https://item.rakuten.co.jp/morevalue/m16/,https://tshop.r10s.jp/morevalue/cabinet/12134450/m16_01_02.jpg?_ex=200x200,False,,,,なし,－,,,#ccc
ショルダーバッグ メンズ,15,https://item.rakuten.co.jp/jinshop/shoulder-bag/,https://tshop.r10s.jp/jinshop/cabinet/bemovita/shoulder-bag/sum06re.jpg?_ex=200x200,False,,,,なし,－,,,#ccc
ショルダーバッグ メンズ,16,https://item.rakuten.co.jp/etsumi/co-8776-8777/,https://tshop.r10s.jp/etsumi/cabinet/compass1777530634.jpg?_ex=200x200,False,,,,なし,－,,,#ccc
ショルダーバッグ メンズ,17,https://item.rakuten.co.jp/jinshop/minimal_bodybag/,https://tshop.r10s.jp/jinshop/cabinet/bemovita/13158695/imgrc0107295150.jpg?_ex=200x200,False,,,,なし,－,,,#ccc
ショルダーバッグ メンズ,18,https://item.rakuten.co.jp/cotashome/113/,https://tshop.r10s.jp/cotashome/cabinet/item/imgrc0102486297.jpg?_ex=200x200,False,,,,なし,－,,,#ccc
ショルダーバッグ メンズ,19,https://item.rakuten.co.jp/gs-cafe/zac072/,https://tshop.r10s.jp/gs-cafe/cabinet/08832423/10192943/01.jpg?_ex=200x200,False,,,,なし,－,,,#ccc
ショルダーバッグ メンズ,20,https://item.rakuten.co.jp/style-on-bag/c-60702-l/,https://tshop.r10s.jp/style-on-bag/cabinet/th/c-60702-l_2412.jpg?_ex=200x200,False,,,,なし,－,,,#ccc
ショルダーバッグ メンズ,21,https://item.rakuten.co.jp/kinoco/b1404/,https://tshop.r10s.jp/kinoco/cabinet/item/b1404/b1404_flick-01-s.jpg?_ex=200x200,False,,,,なし,－,,,#ccc
ショルダーバッグ メンズ,22,https://item.rakuten.co.jp/galleria/mp1404l/,https://tshop.r10s.jp/galleria/cabinet/202606_3/mp1404l.jpg?_ex=200x200,False,,,,なし,－,,,#ccc
ショルダーバッグ メンズ,23,https://item.rakuten.co.jp/joinshop/ba166/,https://tshop.r10s.jp/joinshop/cabinet/ba/151-200/ba166-0.jpg?_ex=200x200,False,,,,なし,－,,,#ccc
ショルダーバッグ メンズ,24,https://item.rakuten.co.jp/shop-naz/001/,https://tshop.r10s.jp/shop-naz/cabinet/compass1779067058.jpg?_ex=200x200,False,,,,なし,－,,,#ccc
ショルダーバッグ メンズ,25,https://item.rakuten.co.jp/naturelife/nl_mr8109/,https://tshop.r10s.jp/naturelife/cabinet/item-img/11525970/imgrc0166639439.jpg?_ex=200x200,False,,,,なし,－,,,#ccc
ショルダーバッグ メンズ,26,https://item.rakuten.co.jp/goodcarsstyle/ts-bag-1004/,https://tshop.r10s.jp/goodcarsstyle/cabinet/bag/bag_100/bag-1004_00.jpg?_ex=200x200,False,,,,なし,－,,,#ccc
ショルダーバッグ メンズ,27,https://item.rakuten.co.jp/galleria/mpg0040/,https://tshop.r10s.jp/galleria/cabinet/manhattan4/mpg0040.jpg?_ex=200x200,False,,,,なし,－,,,#ccc
ショルダーバッグ メンズ,28,https://item.rakuten.co.jp/kojushop/29mar24nxfbb02/,https://tshop.r10s.jp/kojushop/cabinet/lib_img/lt2005/29mar24nxfbb02.jpg?_ex=200x200,False,,,,なし,－,,,#ccc
ショルダーバッグ メンズ,29,https://item.rakuten.co.jp/kaban-aiwa/ro-ax2052/,https://tshop.r10s.jp/kaban-aiwa/cabinet/loward4/ax2052sm.jpg?_ex=200x200,False,,,,なし,－,,,#ccc
ショルダーバッグ メンズ,30,https://item.rakuten.co.jp/galleria/atk00087/,https://tshop.r10s.jp/galleria/cabinet/ace4/atk00087.jpg?_ex=200x200,False,,,,なし,－,,,#ccc
ショルダーバッグ メンズ,31,https://item.rakuten.co.jp/blue-sincere/haln/,https://tshop.r10s.jp/blue-sincere/cabinet/05982661/bag/sb5/sb5-samune_i.jpg?_ex=200x200,False,,,,なし,－,,,#ccc
ショルダーバッグ メンズ,32,https://item.rakuten.co.jp/futaba-bag/689-05940/,https://tshop.r10s.jp/futaba-bag/cabinet/porter/f/689-05940_p2.jpg?_ex=200x200,False,,,,なし,－,,,#ccc
ショルダーバッグ メンズ,33,https://item.rakuten.co.jp/cotashome/115/,https://tshop.r10s.jp/cotashome/cabinet/main.jpg?_ex=200x200,False,,,,なし,－,,,#ccc
ショルダーバッグ メンズ,34,https://item.rakuten.co.jp/monorostore/gbmh3ls1/,https://tshop.r10s.jp/gold/monorostore/sale_tmb/gbmh3ls1/gbmh3ls1_tmb.jpg?_ex=200x200,False,,,,なし,－,,,#ccc
ショルダーバッグ メンズ,35,https://item.rakuten.co.jp/remyu/bodybag01/,https://tshop.r10s.jp/remyu/cabinet/gg/d1600_non/imgrc0122429131.jpg?_ex=200x200,False,,,,なし,－,,,#ccc
ショルダーバッグ メンズ,36,https://item.rakuten.co.jp/kaban-aiwa/hv-jlg4658/,https://tshop.r10s.jp/kaban-aiwa/cabinet/06392961/jlg4658-21.jpg?_ex=200x200,False,,,,なし,－,,,#ccc
ショルダーバッグ メンズ,37,https://item.rakuten.co.jp/naturelife/m-shoulder01/,https://tshop.r10s.jp/naturelife/cabinet/item-img/11525970/imgrc0164237976.jpg?_ex=200x200,False,,,,なし,－,,,#ccc
ショルダーバッグ メンズ,38,https://item.rakuten.co.jp/plenty-one/colsta-2way-shoulder/,https://tshop.r10s.jp/plenty-one/cabinet/e/ehs-67025_00.jpg?_ex=200x200,False,,,,なし,－,,,#ccc
ショルダーバッグ メンズ,39,https://item.rakuten.co.jp/upastorm/ups170118/,https://tshop.r10s.jp/upastorm/cabinet/05694205/05697884/imgrc0122306149.jpg?_ex=200x200,False,,,,なし,－,,,#ccc
ショルダーバッグ メンズ,40,https://item.rakuten.co.jp/kaban-aiwa/tt-coolshoulder/,https://tshop.r10s.jp/kaban-aiwa/cabinet/01984197/coolshoulder_2025_sm.jpg?_ex=200x200,False,,,,なし,－,,,#ccc
ショルダーバッグ メンズ,41,https://item.rakuten.co.jp/galleria/mou00019/,https://tshop.r10s.jp/galleria/cabinet/000195/mou00019.jpg?_ex=200x200,False,,,,なし,－,,,#ccc
ショルダーバッグ メンズ,42,https://item.rakuten.co.jp/glencheck/60000191/,https://tshop.r10s.jp/glencheck/cabinet/shohin23/60000191-thum2301.jpg?_ex=200x200,False,,,,なし,－,,,#ccc
ショルダーバッグ メンズ,43,https://item.rakuten.co.jp/lucky13/bag91203/,https://tshop.r10s.jp/lucky13/cabinet/main14/bag91203.jpg?_ex=200x200,False,,,,なし,－,,,#ccc
ショルダーバッグ メンズ,44,https://item.rakuten.co.jp/rione/canvaskata/,https://tshop.r10s.jp/gold/rione/product/canvaskata1.jpg?_ex=200x200,False,,,,なし,－,,,#ccc
ショルダーバッグ メンズ,45,https://item.rakuten.co.jp/galleria/689-05938/,https://tshop.r10s.jp/galleria/cabinet/porter-h5/689-05938.jpg?_ex=200x200,False,,,,なし,－,,,#ccc
